analysis_role,campaign_resource_snapshot_sha256,cell_id,contract_source_row_sha256,discard_id,execution_role,failure_reasons,formal_source_artifact_sha256,formal_source_row_sha256,hidden_state_sha256,information_arm,latent_terminal_score,lifecycle_index,outcome_status,provider_call_count,public_prefix_sha256,quality_status,reconstructability_source_artifact_sha256,reconstructability_source_row_sha256,record_id,record_type,source_artifact_id,source_artifact_sha256,source_row_sha256,terminal_action_sha256,terminal_step,track,unresolved_category,world_seed
primary,f93a2bafeca03da7d3414f2df9f11361ae8dcde05080b80fb31ff60b1bc80fb1,cell-01,cac77cde687932d2d21bd0bbaa50a225181a0f295555f2450fc3359fecfdd329,cell-01:lifecycle-01:terminal-step-035,evaluator_shadow,"[""unregistered_failure_category"", ""captured prefix differs from L02""]",bf76788777c7bf100c213ddc258f987adca8734cd545fa56d0bb7f4a598a4314,6d0202c7ce6e4cf5b3ed9bff04b7dbfc3338bedff2d3a3fccfae6028aefe97ad,b2f0688748ddbe72c0f60676cd8f82c96f57eaf8eacf62648cc9c0183c45af6e,opaque_codes,,1,unresolved,0,79cb403c7d70a63ca67eb5130257dfe25657bae6e1253ebfd80e352e5b3766c8,unresolved,995f16032de09044ecf11a54b7d6fef9f0b3463eab2dad331adc52f7c4533857,ace349ab9074907f071d1072a1669421aef59d9b4662953c0d765d2524a648f6,L:discard:cell-01:lifecycle-01:terminal-step-035,latent_discard_unit,latent_terminal_analysis,548f8cd8d7d108773f19f6f0eb44c4b1eacd690eaa141ace4d5b62b94ff63934,613c7304f0b3fc21d4a222f1ef8053445d766761362ff9c9dade4d24360ce28b,f2753564df4935774514237e85486ec6dad07f9b1cbfe4338c37377117f72af0,35,L,evaluator,0
primary,09f110bf615fe9d763deaf09308b4c57eab956ab19ae2b2d9ec2e6970d1cd468,cell-01,4425f88193951a0d2fddca0f7b9cc66f9f203bcd6b7c7602f515873f0119f2cc,cell-01:lifecycle-02:terminal-step-042,evaluator_shadow,"[""unregistered_failure_category"", ""captured prefix differs from L02""]",bf76788777c7bf100c213ddc258f987adca8734cd545fa56d0bb7f4a598a4314,b5b466993e073767ae6de2af37877cadae5a8e33eae774426036ae169264728e,6027dc5120e9945222807d2d82adcb7702593f8e773e140d323dedf201d8bac1,opaque_codes,,2,unresolved,0,3a78d9b6aa7dfd1a63000fe700f61f83322562421accbd301f371d2d78259302,unresolved,995f16032de09044ecf11a54b7d6fef9f0b3463eab2dad331adc52f7c4533857,5b65547eb5f51230cc783c530a97f02ea848c27359580182f656a2ff1128a062,L:discard:cell-01:lifecycle-02:terminal-step-042,latent_discard_unit,latent_terminal_analysis,548f8cd8d7d108773f19f6f0eb44c4b1eacd690eaa141ace4d5b62b94ff63934,8a865df905d5b52d897bf0c322d97370b1d0a4656fed27bc9515cad7b49167f9,d902e547f28585fd27c92563a0cb38554837b936384a03e30094fda8f892308a,42,L,evaluator,0
primary,2aec2cc64e9dcbb3d5def7b2dc24ef4e848143de2ab2ec8fddfa3140f4ad10d9,cell-01,f4986d4425e4f6ad5705d71964bb1b90d445f1c8f5b32ecc1a0e16007bd90b85,cell-01:lifecycle-03:terminal-step-048,evaluator_shadow,[],bf76788777c7bf100c213ddc258f987adca8734cd545fa56d0bb7f4a598a4314,408ebcd40b806e9d3576acce5f29d42b105228a8a291c67dcde0f3e87588bdd2,0636a01944e3d763a1caa78abf841d4da4971af7579dbabfae1929d9797482d6,opaque_codes,0.0,3,resolved,0,036d7aa4990be8d28b52e5ef442a6cbaa110ce6521748e04479056c256abeb1c,valid,995f16032de09044ecf11a54b7d6fef9f0b3463eab2dad331adc52f7c4533857,43a508178b2d47ccbc33061a2ef136a31db17ac487fe7ce166f270789651273e,L:discard:cell-01:lifecycle-03:terminal-step-048,latent_discard_unit,latent_terminal_analysis,548f8cd8d7d108773f19f6f0eb44c4b1eacd690eaa141ace4d5b62b94ff63934,176ae5b6c8391138604b3e1b5c8147ed660e2156bda2c7121a5948b99817a713,578e66dfb5c2cce4b787dfc0864e638cec61871e122c5ced74cbf6065ba64c64,48,L,,0
primary,8714591ec27a13dda36df5af3197f61e9a58750b6ded01ef595f84b8fdbe4ecc,cell-01,4ddc3eada84d9c2eedcf2fce87c770747ed448e5daec9bcb8f42bacc470de25d,cell-01:lifecycle-04:terminal-step-052,evaluator_shadow,"[""unregistered_failure_category"", ""runtime resource state differs from authoritative prefix ledger""]",bf76788777c7bf100c213ddc258f987adca8734cd545fa56d0bb7f4a598a4314,610fface3f94471f98907a31a0eefc788e4b8f7569d5b31658f49c1bb9dbea1f,7ca17e26bdbd89cfd38271320b02af20770b4728cb6cb8b91154e7813f1af9e5,opaque_codes,,4,unresolved,0,0f493b79c4c8dc2fa291906bc26fc8b5b21c5f86ce2a1bf03b34a2799641e8b0,unresolved,995f16032de09044ecf11a54b7d6fef9f0b3463eab2dad331adc52f7c4533857,eab542f447149b538d67e77cb21d59594d77c5f3d6119d49391d10592f6eef06,L:discard:cell-01:lifecycle-04:terminal-step-052,latent_discard_unit,latent_terminal_analysis,548f8cd8d7d108773f19f6f0eb44c4b1eacd690eaa141ace4d5b62b94ff63934,68acdbc8cc794765baceba327717bfa06d181353b360a899025755690dde3eec,d221e78832ea644371bb963aa56a32cbdc4d8d92e2a39b748ae3b041b8d275b1,52,L,evaluator,0
primary,4a2c7e03dea55bd360abc95df82f92bae4997bc1fff9685ced4d1ffd6af0cd2d,cell-01,3a18fbe8a39b6eb504887e72de4731fc359e42ceba2d5bf0896e4d1191157a30,cell-01:lifecycle-05:terminal-step-062,evaluator_shadow,"[""unregistered_failure_category"", ""runtime resource state differs from authoritative prefix ledger""]",bf76788777c7bf100c213ddc258f987adca8734cd545fa56d0bb7f4a598a4314,b98a6f42a25a6d4d3adadcdab994b786dfe191bcf4359842ec1122bfb600c1fb,09984e210e5b00d08ca804f21284250f232c4b011cbdfbf1bcfc1cfa9eb28996,opaque_codes,,5,unresolved,0,af392dc2bdf24ddc36077cee38adfb4b3c209c02d4b35204c18ed8ef67fea732,unresolved,995f16032de09044ecf11a54b7d6fef9f0b3463eab2dad331adc52f7c4533857,7882b0503d5bcac36b2de59a64a647526579c929aec43199bd4cc0b3c6d1a95f,L:discard:cell-01:lifecycle-05:terminal-step-062,latent_discard_unit,latent_terminal_analysis,548f8cd8d7d108773f19f6f0eb44c4b1eacd690eaa141ace4d5b62b94ff63934,e18d947c7a3ebe5932b60efea73270bd706badae307c74493072f5ac274430cb,0aa98b37e648157ff4c032070dca5a5f5b8959f7889514466230d182d7044249,62,L,evaluator,0
primary,c11a36737da49352f76feee4bebe6802a5ea1e6c5ba58741643def09de7704f7,cell-03,30568fd451c0ce5a0aec47182f63ff190015980863b87f66aecd29b7d70d54ce,cell-03:lifecycle-02:terminal-step-050,evaluator_shadow,[],bf76788777c7bf100c213ddc258f987adca8734cd545fa56d0bb7f4a598a4314,c7d09affab201b4ea34921fb5138086a628cb53ae28a7efc9672df9d9ef9af1b,546b5366971bf29e2017af29006c845b134b52b92c6ab6ac417ec3f7c605d658,anonymous_nominal_properties,0.0,2,resolved,0,ede2fdb85b428602f5d771e473a4979d35d7adaa345a0e42879b3911d9a66f21,valid,995f16032de09044ecf11a54b7d6fef9f0b3463eab2dad331adc52f7c4533857,39026b03dc163a616fe30db5201cd2a919045108edad46348d7916863d7ddb67,L:discard:cell-03:lifecycle-02:terminal-step-050,latent_discard_unit,latent_terminal_analysis,548f8cd8d7d108773f19f6f0eb44c4b1eacd690eaa141ace4d5b62b94ff63934,bb09a2b2929258bff6df8cdbbff5551b9f42fc208e795ce7d272cfb04b9659a4,83ed2b9cbfa5950171b605ee06aa31c989a4a1e73937e40e4522b5496694e9a4,50,L,,1
primary,99e62d62821c9147641d91e89acfb08dd06714ddc0b5798bd6c0d78ac81ea71b,cell-03,d2d4300d572482028d32f851aa93791f5fc7420b34dbda129e179589f1aa93c8,cell-03:lifecycle-03:terminal-step-060,evaluator_shadow,"[""unregistered_failure_category"", ""runtime resource state differs from authoritative prefix ledger""]",bf76788777c7bf100c213ddc258f987adca8734cd545fa56d0bb7f4a598a4314,99692d9ab6131af0970bf53900030945e545f3b013bd21bc41d1cbd84b5da256,3634d006d91c97c59432682f32018d12099a4c4abce099584f67a3637cd17b8d,anonymous_nominal_properties,,3,unresolved,0,085b6d0c9e08609cdffeba5c1c02131d0240735efdfa64c05f0152b04b87cf5d,unresolved,995f16032de09044ecf11a54b7d6fef9f0b3463eab2dad331adc52f7c4533857,9836ac9fe064b786efcc9debd3879555acf3b7cf63a337260cdfc18efa156273,L:discard:cell-03:lifecycle-03:terminal-step-060,latent_discard_unit,latent_terminal_analysis,548f8cd8d7d108773f19f6f0eb44c4b1eacd690eaa141ace4d5b62b94ff63934,f6dbf574bb5a9d6aaf88da5d50ff805e5424c8a799c2077e3e62ab3f084b4367,bab6be60ca91ebafeebf3e182690c7e0dd27ea7ababaa445eab85b079e3814fb,60,L,evaluator,1
primary,5d04e27924fa26403499d9bf1f8286e4a8cad97166617315ccd879fbe280994e,cell-03,03a859d59a9fe6e91cba3aa2857ba618ca5c85b526724709e0f00c1a90c2bc82,cell-03:lifecycle-04:terminal-step-062,evaluator_shadow,"[""unregistered_failure_category"", ""runtime resource state differs from authoritative prefix ledger""]",bf76788777c7bf100c213ddc258f987adca8734cd545fa56d0bb7f4a598a4314,14ad2753e635168ed57957fae73bed337d15ce9cc7142d2e48c931baf0ac9721,1cdb6be83184a32b40dcddffaf346e47121c996ca17eb98c59c292213c7b467b,anonymous_nominal_properties,,4,unresolved,0,1938050c0421d98f4ff47afafc9a086557938e016260ed2efa1bf32b46a7500c,unresolved,995f16032de09044ecf11a54b7d6fef9f0b3463eab2dad331adc52f7c4533857,acb8a97ccd88168f87aaa98109de704d36d63e267e845c8397039a4dc5728754,L:discard:cell-03:lifecycle-04:terminal-step-062,latent_discard_unit,latent_terminal_analysis,548f8cd8d7d108773f19f6f0eb44c4b1eacd690eaa141ace4d5b62b94ff63934,f3d5ce1d3f3f1a0965745666e86c7162ccb98899244b9467efa12f842c22aa7e,225109dbe5332edf9cbcb485594e668e1d25b01230c7615ab37d88e34b9de22f,62,L,evaluator,1
primary,e120234c9d4224aca4cb00de18e6b99877d0437e144bf5a047759e72ed6ed69b,cell-03,2083900ff7e9e448674154e87376684a58a111742ab928a1f1028a148380855b,cell-03:lifecycle-05:terminal-step-064,evaluator_shadow,"[""unregistered_failure_category"", ""runtime resource state differs from authoritative prefix ledger""]",bf76788777c7bf100c213ddc258f987adca8734cd545fa56d0bb7f4a598a4314,85964eca7a3cc56009c916fbd3f5a442a35c9a765c66095c9a2b98abfc10c210,5f58f958a992492c18437ae34fdea0f3b19cf0fb1ea38abf946ed73557237e84,anonymous_nominal_properties,,5,unresolved,0,e37617f633c4ca4ae74b99e0ba68868f16573024bcfcf26af29d49960f5b9cfc,unresolved,995f16032de09044ecf11a54b7d6fef9f0b3463eab2dad331adc52f7c4533857,b607726926fc49d0a9ff2c4378b1a7a282a4907a5598a7f87809972c153975cb,L:discard:cell-03:lifecycle-05:terminal-step-064,latent_discard_unit,latent_terminal_analysis,548f8cd8d7d108773f19f6f0eb44c4b1eacd690eaa141ace4d5b62b94ff63934,4f9e5e991469d67b8cafc1250415b69c1c24e3c74181b443a292be28e3b3e072,8b8d828918f14c9207b59114a9bf9ced671a60288dc8d658fcd31c024f219fd1,64,L,evaluator,1
primary,33f159e46f5a59f9a7bbe9760fdd2998a568171d67e8eb031e41e1cb4e2a6232,cell-04,4eb5876e254e49a9f76195fb3b969d95f2b00ccf558b49a31261413d2218e8c9,cell-04:lifecycle-01:terminal-step-050,evaluator_shadow,"[""unregistered_failure_category"", ""captured prefix differs from L02""]",bf76788777c7bf100c213ddc258f987adca8734cd545fa56d0bb7f4a598a4314,9e359a0b2765df8bc47a05a142c78e77bb515968ebad13c2d4b4718a02303da7,e4ac163e082313d3272a2d709cdc7862bfc5f524010d303aeba1acc3a6fa80bf,opaque_codes,,1,unresolved,0,241a91cc9e96f945bed44ca6b6e2b2497aea5aa87b52c2367edf1a38c86eff53,unresolved,995f16032de09044ecf11a54b7d6fef9f0b3463eab2dad331adc52f7c4533857,e0a01314b0f10c2bdc677770396d95c7fff22b1630e81b8611b0864f18b62ef8,L:discard:cell-04:lifecycle-01:terminal-step-050,latent_discard_unit,latent_terminal_analysis,548f8cd8d7d108773f19f6f0eb44c4b1eacd690eaa141ace4d5b62b94ff63934,d32893102b612f30d24482528e20733603426eb1478c1bce5a7446d276620b0b,38fa1cb3e5c582dc7574f2c99b1503d3db4acfa47909b68300d2e30aac67eb61,50,L,evaluator,1
primary,9daa5da2a727a6d2ad9da2fdfa54467c923f48f3b17b9303ff47104fb9387c02,cell-04,f7fdb2c21238085bb37c49c0b98c23c1f6c2c1c358e465101ad60e14df52d3f9,cell-04:lifecycle-02:terminal-step-077,evaluator_shadow,"[""unregistered_failure_category"", ""captured prefix differs from L02""]",bf76788777c7bf100c213ddc258f987adca8734cd545fa56d0bb7f4a598a4314,c63d19344817fb330acfa2ed37855223d201f64c7f80e1224a4ab1cfebfcaea7,793f193773e8bd71579debffccef6278f4620b00f90a5860f3c435a20e24dd84,opaque_codes,,2,unresolved,0,953cd369b4217064620d427c27f996c51700f677b92b41c8f8c426ce9a891d41,unresolved,995f16032de09044ecf11a54b7d6fef9f0b3463eab2dad331adc52f7c4533857,594462a4abaea294f903d99010df18fda0f9eebebbe0900508fb4fa50c56bd3b,L:discard:cell-04:lifecycle-02:terminal-step-077,latent_discard_unit,latent_terminal_analysis,548f8cd8d7d108773f19f6f0eb44c4b1eacd690eaa141ace4d5b62b94ff63934,b053142c8df72abcb5c4e0b675946a6d03fb1d4a4730ddf35f29fadb4e3d3853,bc9bf685e6af1322a8da3f348e0c9e1a2973b6306bade73141c75b94e907327a,77,L,evaluator,1
primary,f5842eccf4345036a1ac5dfd49b13a43cc2de077aae858bb3c8168ef97574922,cell-04,8bbf8533ae4d67e7b6a22ab515b754f55541458e902aded942bbeeab7658033a,cell-04:lifecycle-03:terminal-step-086,evaluator_shadow,"[""unregistered_failure_category"", ""captured prefix differs from L02""]",bf76788777c7bf100c213ddc258f987adca8734cd545fa56d0bb7f4a598a4314,5484dde96f81aa2f29c4989cf0a470cfd9509c9ad0a3d908184e80347b4a8d35,aa4766012a2d846b726024dc55253de5bf83cface5d93c34a7dd01d48ac9724e,opaque_codes,,3,unresolved,0,ac3bc3a3b20db44b6f9af2911065e6b4b67e2b1fbcaffc6977e6f154d016477c,unresolved,995f16032de09044ecf11a54b7d6fef9f0b3463eab2dad331adc52f7c4533857,74d9b84a76e86c9009069e5f1bccb62de03e469a689dd69a2677c98905032b2a,L:discard:cell-04:lifecycle-03:terminal-step-086,latent_discard_unit,latent_terminal_analysis,548f8cd8d7d108773f19f6f0eb44c4b1eacd690eaa141ace4d5b62b94ff63934,ba958dd3966dec915110c9a3cd2666930bc04626515f1f8b7f063a8df080075f,12957a1fbb558ab018049fc2493612b90c57e6f80da496e756f34976a20a58ba,86,L,evaluator,1
primary,6b3ef35a9cd3793ad64fe2ae37707c9068c5b22c0306d0e541ec88db16ed9cc4,cell-04,d33e4a45c2ec1e74ee8ac62d2bab62a851f4c1d9e9a72489c6066f77f92fb403,cell-04:lifecycle-04:terminal-step-101,evaluator_shadow,"[""unregistered_failure_category"", ""captured prefix differs from L02""]",bf76788777c7bf100c213ddc258f987adca8734cd545fa56d0bb7f4a598a4314,7e2dc6961307688664ebd00d7f9e239f9a0821b45921e88a4670d72f78b3b3b6,fe57903de229a78c9783447ece7b853ee4b5e85c90493c539200be61d9e568d1,opaque_codes,,4,unresolved,0,39018d309b866491653719fca15f0c91ab3e4ecd37da8903afdb3e4b78255235,unresolved,995f16032de09044ecf11a54b7d6fef9f0b3463eab2dad331adc52f7c4533857,2cbb12cf95efad33de02eb483571abf6d48e8af35b9c28bd2f449b50eb03879b,L:discard:cell-04:lifecycle-04:terminal-step-101,latent_discard_unit,latent_terminal_analysis,548f8cd8d7d108773f19f6f0eb44c4b1eacd690eaa141ace4d5b62b94ff63934,c27a18557e4fc22a6abf0d011df2b1c0a59b1f2f6c097af10c022e044eca8bec,57a596d141b443af76ccee45deb84257819a2de53728ac7dada7e1d26d178939,101,L,evaluator,1
primary,b77e5e33477f849c81212f2518d21d78719bca302fc088cd61b6916f423d1bff,cell-04,518fe59682fabfcdf43c6c71be14546d037b10c6ba6d5594a41725ec53c70016,cell-04:lifecycle-05:terminal-step-109,evaluator_shadow,"[""unregistered_failure_category"", ""captured prefix differs from L02""]",bf76788777c7bf100c213ddc258f987adca8734cd545fa56d0bb7f4a598a4314,3aaa45551cfe5e1be20c21a875ebae04a6dac7a5c61cca924bb7933656b5e4aa,aeb907b8e85c5544e424b99f99121e245a9006055a3bf56c698739174cf420ae,opaque_codes,,5,unresolved,0,00dc2e3b840649e0cc5fb0d3e8b534ab87be747e2d74a22fc2c6b9c0158cd1f0,unresolved,995f16032de09044ecf11a54b7d6fef9f0b3463eab2dad331adc52f7c4533857,ca59b3d93a18040a81e75804137f15c58eadf5256b1c801eb47b640565eae4eb,L:discard:cell-04:lifecycle-05:terminal-step-109,latent_discard_unit,latent_terminal_analysis,548f8cd8d7d108773f19f6f0eb44c4b1eacd690eaa141ace4d5b62b94ff63934,f91e194af867e3ae28678e6c91d982d06bded9067bb788486e585dc3d5548fb1,733c108dc267a65db6cbfe96ec03a0af2b2c1fedf564c5c29f7fa07ad0cda118,109,L,evaluator,1
primary,2341a5abc4e0b246ed56eb4a0286a68dbefd53975330e485f6c391716f8ed252,cell-05,386c12a2fd4ea8feab931cad32186d2bde10a748bcee375719cf48cf5af633fa,cell-05:lifecycle-04:terminal-step-081,evaluator_shadow,[],bf76788777c7bf100c213ddc258f987adca8734cd545fa56d0bb7f4a598a4314,1a3deff727f9778e38d91747eef5f169454ad6c42874b57c35ae05fb5ab080ae,3a22fa12f2b6d7a6803a274689ff990de7eb4fbe99ed1ff4e0497b6e51810497,opaque_codes,0.0,4,resolved,0,1d64989b25daaaa33e767e716ffec32e9f2505d86cdc678de861ffc2ffd7ccfe,valid,995f16032de09044ecf11a54b7d6fef9f0b3463eab2dad331adc52f7c4533857,6d897c991a3fb084991682d1af3d8b3a8dc1aebedb45a4d71d67610cc12ce55c,L:discard:cell-05:lifecycle-04:terminal-step-081,latent_discard_unit,latent_terminal_analysis,548f8cd8d7d108773f19f6f0eb44c4b1eacd690eaa141ace4d5b62b94ff63934,9443092aecd740ca7859e8accb04077d6fc23e0631d7649de60547d8fe9babaa,0baa3d6665fb056c8dc5c65dc6d95283b926ce8f860d7f69b515f5eb33a6b11d,81,L,,2
primary,13c13aa9f5f23ce431379465b2f62cfa8b9d531351063c2778c386244574d2fd,cell-05,ed8e3336a1f7d9c7685ed3173088425a6508ad56faac93c7670e1ab236552fac,cell-05:lifecycle-05:terminal-step-084,evaluator_shadow,"[""unregistered_failure_category"", ""runtime resource state differs from authoritative prefix ledger""]",bf76788777c7bf100c213ddc258f987adca8734cd545fa56d0bb7f4a598a4314,4aca813f05852f90af97cb47d09be1cc6cc4f06189b9333305e69f1b2eca6ce7,3a22fa12f2b6d7a6803a274689ff990de7eb4fbe99ed1ff4e0497b6e51810497,opaque_codes,,5,unresolved,0,1e813c5f24b6fa32018553ff9011294ba037e8d40d1dd6044f38a2cd5c4240c3,unresolved,995f16032de09044ecf11a54b7d6fef9f0b3463eab2dad331adc52f7c4533857,dcc71606a9274d156e07e39a9696dec0e8a4e97f8b54e7f81e80b32acc8bd9c9,L:discard:cell-05:lifecycle-05:terminal-step-084,latent_discard_unit,latent_terminal_analysis,548f8cd8d7d108773f19f6f0eb44c4b1eacd690eaa141ace4d5b62b94ff63934,68bad01d610e61782398e5654b88ab6ba109951f9089905158ae132add1b42f2,e18310c8ed3fb805ba0ef9fd39b14353d0daf2968fe9e107ee2253b9f2941d9f,84,L,evaluator,2
primary,80dc702a7ee14a5d3d0be9f5ee3c1a07605763411cd2baa790054306205f92c1,cell-06,f807f683fb8c37da9f1047154845ddc5fafb9a50b32a207048dccce33689e79d,cell-06:lifecycle-01:terminal-step-040,evaluator_shadow,"[""unregistered_failure_category"", ""captured prefix differs from L02""]",bf76788777c7bf100c213ddc258f987adca8734cd545fa56d0bb7f4a598a4314,c85fd70e22e6609e34dd894ed544079192b29ef87a707e1679e2b16b7a7e235a,b410aa80feebce074952f279fa555e38c79f69278a6257f310e221c5aae14b46,anonymous_nominal_properties,,1,unresolved,0,fe9501df486eb930e3cf0959b52ae8c18ffa359e62553c041fbc7e31502a953f,unresolved,995f16032de09044ecf11a54b7d6fef9f0b3463eab2dad331adc52f7c4533857,d7c939f4d01215a51a15236917726ba288a5d3895f334015173000e51a543ee5,L:discard:cell-06:lifecycle-01:terminal-step-040,latent_discard_unit,latent_terminal_analysis,548f8cd8d7d108773f19f6f0eb44c4b1eacd690eaa141ace4d5b62b94ff63934,0efaa5faa151132fb5656e406392d3ed22eccf90ab225859646c60e37878963f,6b8fabdcfa391d47bbff1611bc95de00766c71d467ac8f0f883fe2443744f1cf,40,L,evaluator,2
primary,94932d96db5310d4dfa8edb083f4e0885c3a9d92f149710858bdd16dc14c6ec2,cell-06,67d7c580a56d569459dd581deefc5c4e95a4c46748a5f8ed1e8a6a8d58014b11,cell-06:lifecycle-02:terminal-step-042,evaluator_shadow,[],bf76788777c7bf100c213ddc258f987adca8734cd545fa56d0bb7f4a598a4314,56d1a8168776ed30787929443ad8913242fb5ef5c0976704eedf28f4d3bc34f2,dc315bc5c93a01bbee0f74f7bf5bbae5c4ba9d6b8edd817a0bffb378dd0ae82a,anonymous_nominal_properties,0.0015125891268848721,2,resolved,0,448ca6f46988772ee4ce05f571359957cf70ab4b9c116fe8387ca90ffe2f4819,valid,995f16032de09044ecf11a54b7d6fef9f0b3463eab2dad331adc52f7c4533857,a191f7cd522d91ff1b5a0bd7d873f677b9c0f8a61ac09fc06f8466722a0062df,L:discard:cell-06:lifecycle-02:terminal-step-042,latent_discard_unit,latent_terminal_analysis,548f8cd8d7d108773f19f6f0eb44c4b1eacd690eaa141ace4d5b62b94ff63934,757c49fc280f77080e1439be61a7f392b52b5b762a9b96006aef2f4f6ae53722,c1721ed75376489ae6d4a4410e4a82cfc1d498828b5e9ca95a4f53de394696d0,42,L,,2
primary,bd5af3561f6d083778d87adb866a8970588aa7dd0d9060a6b5b26767bcb07a8f,cell-06,203e3f5fd315ab59d96469aa3a4fafb5d7e88ac31853f188bcdcae356d1b153e,cell-06:lifecycle-03:terminal-step-051,evaluator_shadow,"[""unregistered_failure_category"", ""runtime resource state differs from authoritative prefix ledger""]",bf76788777c7bf100c213ddc258f987adca8734cd545fa56d0bb7f4a598a4314,0bf4996cac3dbd7e57fa9415437af99cbd22a5d750562eed01205e88da651691,165ca920235cd4875aca79971e22c411e9605f54213cb5653872f9e966e0bd1b,anonymous_nominal_properties,,3,unresolved,0,226ceb817fa9d8ed1d93522ed11189579240dcf4ac80c9ba10170d9c13c9b41a,unresolved,995f16032de09044ecf11a54b7d6fef9f0b3463eab2dad331adc52f7c4533857,4c59fce8f22819c25cc9cbaa4ff007f502a8ab8545bd389a5d71edd60c1668a2,L:discard:cell-06:lifecycle-03:terminal-step-051,latent_discard_unit,latent_terminal_analysis,548f8cd8d7d108773f19f6f0eb44c4b1eacd690eaa141ace4d5b62b94ff63934,4d29cfe8fc1be66aa01f9ccc0aaec8d18bb8bc10b358b812d8c47fe814e717bc,3cba5c77330fe73946d0178fdc786bc5d581e2a0ef16d2ea0b23d8d5f09a4ca3,51,L,evaluator,2
primary,b2c58544ba2f0a70d4901f3623d37c999904fd2a7cee826a9db976c5d6adbc7a,cell-06,e28c0eca4431c4673c5b74ff2fed04c8917ec9eee25299f84d538aeba4344c68,cell-06:lifecycle-04:terminal-step-060,evaluator_shadow,"[""unregistered_failure_category"", ""runtime resource state differs from authoritative prefix ledger""]",bf76788777c7bf100c213ddc258f987adca8734cd545fa56d0bb7f4a598a4314,183b2077aa8b7741820d3bb944cf372c847b40a842278a3ca5d8813eebdb1ec4,0e9e396fd756047488155f82cd320fa808dbe0a3d934acce782a8f5333105d4f,anonymous_nominal_properties,,4,unresolved,0,0bedda1e84fbf17aee2e30d191de0f7493a4e7cf7a33ea41ab864b9f389f9b85,unresolved,995f16032de09044ecf11a54b7d6fef9f0b3463eab2dad331adc52f7c4533857,bddf9c6b3045e91c7b9600a2857fbae04c713dd7c9e299b07153e0cdfc4402ec,L:discard:cell-06:lifecycle-04:terminal-step-060,latent_discard_unit,latent_terminal_analysis,548f8cd8d7d108773f19f6f0eb44c4b1eacd690eaa141ace4d5b62b94ff63934,d45741562af90ad8a0a16a9d9708f577a851bcb32999d3c8f8bdd1ef78637999,b0a1007060cd0c702fc5e6692f07f0e93847a529880e17b8f6f01247dbd09981,60,L,evaluator,2
primary,106d879beb4bf5dae018a9d7f7517a5a6088d4a52b3ff1d874a3292698e13a9f,cell-07,b651c1b976944543e32a449584ed31020ce9027e3829d7eb302bae5b971cdf7d,cell-07:lifecycle-00:terminal-step-021,evaluator_shadow,"[""unregistered_failure_category"", ""captured prefix differs from L02""]",bf76788777c7bf100c213ddc258f987adca8734cd545fa56d0bb7f4a598a4314,d5b3bd1cdcb310971245e08c769adbe0987e8ccb855d835e76724c73c4640580,da1bfe448f713735902fb544b6deffeecfffa0a156d3f8d9e7ee0f537528461c,anonymous_nominal_properties,,0,unresolved,0,02354c34d29135e9094bc787f84d6b1f8ea1cedaa6996155b4a7106008da3c3e,unresolved,995f16032de09044ecf11a54b7d6fef9f0b3463eab2dad331adc52f7c4533857,17754995c225aecb965e5bc5f0524142a7d4974f52c0b722bcade10c64d06f38,L:discard:cell-07:lifecycle-00:terminal-step-021,latent_discard_unit,latent_terminal_analysis,548f8cd8d7d108773f19f6f0eb44c4b1eacd690eaa141ace4d5b62b94ff63934,3ea149cadb32c6119868a49e7dab9a397d479995980e592952d696d07521c075,809d02b1391ad5837f335cc7b66cd02b1d1f67b9ecb0699fa097555964a67ac8,21,L,evaluator,3
primary,b2522bbc97deb83a5ea3a08eac997e4ce554cb9700230f9bb27ac7a5ad02e7ad,cell-07,9da7bd9589cae880a08fc90af230745b769d67c079aa669e5e9c5cd244987a61,cell-07:lifecycle-04:terminal-step-091,evaluator_shadow,"[""unregistered_failure_category"", ""captured prefix differs from L02""]",bf76788777c7bf100c213ddc258f987adca8734cd545fa56d0bb7f4a598a4314,231b71d714168ea498705414a173cb35ebc92cd48ee721d323c1f55cce3ac8ae,0df91e1aff513ef072d42974f601a276ab84aeab737106722bf256c35efd9ac3,anonymous_nominal_properties,,4,unresolved,0,abd9afbab63c8670b16f165417184c50db6bb2d3338029524acb9d14b50025d7,unresolved,995f16032de09044ecf11a54b7d6fef9f0b3463eab2dad331adc52f7c4533857,63b02679050e9f020d6789eb2286aa50a23799fa3a82d5c27975d6785a03ecfc,L:discard:cell-07:lifecycle-04:terminal-step-091,latent_discard_unit,latent_terminal_analysis,548f8cd8d7d108773f19f6f0eb44c4b1eacd690eaa141ace4d5b62b94ff63934,0b7566fb86dc05bfa862eb9bd73be211cabcb6e797c971af26dd82814bf34367,fbbdea388855f1411e67108803cff07853d4bf00b95c749c8844956169f175e9,91,L,evaluator,3
primary,919a8001afd605e85039daa5e2a5b559822767471ed207945dc7c634966b723d,cell-07,922d459bef73c0851fb54d7ba8dd63abf485c9fa377811ad884d9ac9088273aa,cell-07:lifecycle-05:terminal-step-094,evaluator_shadow,[],bf76788777c7bf100c213ddc258f987adca8734cd545fa56d0bb7f4a598a4314,45a858405d5ec1258283c3abde40353b5a7598154200a9ede96886a79ae16cff,3c80bfd459f84b8b5bd907e82e908c2e86bbc3acd617a51bcaa16d672152cc31,anonymous_nominal_properties,0.0,5,resolved,0,ed20f68bd1bdbecdfe6b0613dc9804cb73d891bd53cc771e61b2f72e12472c25,valid,995f16032de09044ecf11a54b7d6fef9f0b3463eab2dad331adc52f7c4533857,d85b3db9d3df15402446ab01462faad3afbe86463e924ba6aa3381c840ae1eb0,L:discard:cell-07:lifecycle-05:terminal-step-094,latent_discard_unit,latent_terminal_analysis,548f8cd8d7d108773f19f6f0eb44c4b1eacd690eaa141ace4d5b62b94ff63934,ee338aa853d5e1dc76a02c450fa454d1020e71d89cc8d611b6bc864035402c66,9850055df82f407afdc3f6d20304ae8138a67e76cf08e9f2aa67435272b1cace,94,L,,3
primary,447f74f228fafb05037fd137be2e6b4c13f7a17b81c8f882f35119d8d0bec258,cell-08,8c919ed0db143b72f73163c445b98679edb995ced7a5248e6e653fd5416227ea,cell-08:lifecycle-00:terminal-step-013,evaluator_shadow,"[""unregistered_failure_category"", ""captured prefix differs from L02""]",bf76788777c7bf100c213ddc258f987adca8734cd545fa56d0bb7f4a598a4314,706928776e1569be4318306cd77f8249061627812058347804f0ab4f104458de,c553897a1c4c21b6d919aebf95aba9d58566331bf799371512715c8d494a2e41,opaque_codes,,0,unresolved,0,142c099999c869ce689525a3ca8a763abbb8d558167d51125098b8879e14b8c1,unresolved,995f16032de09044ecf11a54b7d6fef9f0b3463eab2dad331adc52f7c4533857,5b6cc9feb43e8b777ad7cf2f6eb85e3d4d71b9be11f64621d568ede6aaf38c1a,L:discard:cell-08:lifecycle-00:terminal-step-013,latent_discard_unit,latent_terminal_analysis,548f8cd8d7d108773f19f6f0eb44c4b1eacd690eaa141ace4d5b62b94ff63934,da71f563e5ca261b9a47370507ec1ae0ea68157ca5c61c07326285738c3915c7,3b1dad67ee18d975972e56f2978a4d7fc34ff8c56ee3363cf56b633e4f531550,13,L,evaluator,3
primary,93423355339faf31f1bb886798c248447e4e09d1cddaf7877c63c29a3aa66686,cell-08,4794ede63e476c1070537df8313a9e96b60176fab9c38049056c00bcb053ed87,cell-08:lifecycle-02:terminal-step-064,evaluator_shadow,"[""unregistered_failure_category"", ""runtime resource state differs from authoritative prefix ledger""]",bf76788777c7bf100c213ddc258f987adca8734cd545fa56d0bb7f4a598a4314,5b15809b2dbe9f16fe0fe9b5e9038240ff36d9bcbbe37168eba4d72907157f0a,c10c29487817fe7ad60235791a758587fda7d3e8e97fe5a991df75cfed1a8e4c,opaque_codes,,2,unresolved,0,015043538193e341cae7916d9498b7761c09a45b48cc90ef9ee94617d513a174,unresolved,995f16032de09044ecf11a54b7d6fef9f0b3463eab2dad331adc52f7c4533857,81d93d5374797e79e199a886f45d7be7ad653ccd6719c98f064980d8de65a150,L:discard:cell-08:lifecycle-02:terminal-step-064,latent_discard_unit,latent_terminal_analysis,548f8cd8d7d108773f19f6f0eb44c4b1eacd690eaa141ace4d5b62b94ff63934,b7581b88fbfa7d5d60a2a4218a6e1bc7abe6dd1868585ee1a02295a8c608dc09,9e59147d987ddf3d52ac3e3b793045485e08dabe4859576fd8d8d56906135d26,64,L,evaluator,3
primary,3c71a144ef9a9ab715733fdedc0fc135ae1e197e266fc79e561da4694a6a8af3,cell-08,e20c9110ae53676db049f7445023c6c401a7b2c8273106de62064791fcaf4a06,cell-08:lifecycle-03:terminal-step-067,evaluator_shadow,"[""unregistered_failure_category"", ""runtime resource state differs from authoritative prefix ledger""]",bf76788777c7bf100c213ddc258f987adca8734cd545fa56d0bb7f4a598a4314,f42a28d969d17790e00e6aae7720de7ca8028baa35beb535d88e94d38a5b7d59,95d32fcf39d77d62a79c215c1d05854111fc4c0c1ed17c191cb31df9ddb0757e,opaque_codes,,3,unresolved,0,a9c96fd9708d0d371572c22537d9a15419bc23b03b57605a2e525bde92da05e3,unresolved,995f16032de09044ecf11a54b7d6fef9f0b3463eab2dad331adc52f7c4533857,0d35da7e4a7f5e58230b9b19cea94c9dd6e425416503c950effd6a70a20d2d14,L:discard:cell-08:lifecycle-03:terminal-step-067,latent_discard_unit,latent_terminal_analysis,548f8cd8d7d108773f19f6f0eb44c4b1eacd690eaa141ace4d5b62b94ff63934,0c761b0fee20f8c4d220ecb4614a4d9f1c6d7881dd059115cd89ba4608a7de47,1eb30fbbd742b5f51e8c6198279fc79170004dc81a8d5cf516d3eba487f32e6b,67,L,evaluator,3
primary,5023d9de31cfa2d3a720e46b0512d194ad01957d1dc9cfcaa84af996cd1e8b56,cell-08,8b592e2bc04d82c8c8634fd44f80fc1714d4b70f9939780df735cc7205bb8e85,cell-08:lifecycle-04:terminal-step-069,evaluator_shadow,"[""unregistered_failure_category"", ""runtime resource state differs from authoritative prefix ledger""]",bf76788777c7bf100c213ddc258f987adca8734cd545fa56d0bb7f4a598a4314,6fbbf2a34b34d2f597805c72ee2a152fa3d7c8b023791f3e70f41e4dec53e691,1e61d9beda25802bb4b3e8746cf8d66cd9a92f8f12c14e06826ab76589108adc,opaque_codes,,4,unresolved,0,4c8b29669a79c1ea4634b38aca92e37ca8850c30b00bc2cdfd4ab9078b3617e4,unresolved,995f16032de09044ecf11a54b7d6fef9f0b3463eab2dad331adc52f7c4533857,f4d4f4cbe7e6bf313c4c93be97525d934310d0ae561648470a459475e1717dc4,L:discard:cell-08:lifecycle-04:terminal-step-069,latent_discard_unit,latent_terminal_analysis,548f8cd8d7d108773f19f6f0eb44c4b1eacd690eaa141ace4d5b62b94ff63934,c68e9a9e5f2262102f1f33438a93800ef3e2c747475a6c1e4756551927e9ba03,7806ec48a82cd89cd605ae3261c53ac96b119bab282c7b5f1f493f0fa79f4017,69,L,evaluator,3
primary,ab863bdccbb8fe5587176e710cc4b2eb88118f7debc181b3a74e21ad4049ac9c,cell-08,7916828f38b9b85d5ce6c1db75ff4c3011d55489909362d806cd51add19704f6,cell-08:lifecycle-05:terminal-step-078,evaluator_shadow,"[""unregistered_failure_category"", ""runtime resource state differs from authoritative prefix ledger""]",bf76788777c7bf100c213ddc258f987adca8734cd545fa56d0bb7f4a598a4314,ead2e535ef5b2b805562c8752140dd51f6f98eae1163bb1d1e3d14c9c7f60dd2,f2166e2d9eae8ae3e4ce9eb3b2874d5032fe67cb7ecd69a0c023e03e8b7b8e30,opaque_codes,,5,unresolved,0,2f78cecf986a5c206149099080c51507ec0c1720ae941cb8da768c1eb5ed35ef,unresolved,995f16032de09044ecf11a54b7d6fef9f0b3463eab2dad331adc52f7c4533857,dc394bbd34443873f0927f94b583e03933c74f8a809b1bc5cb95bbe604d67a01,L:discard:cell-08:lifecycle-05:terminal-step-078,latent_discard_unit,latent_terminal_analysis,548f8cd8d7d108773f19f6f0eb44c4b1eacd690eaa141ace4d5b62b94ff63934,769af12d55fbb2870a64af8349eb4a3cde22c2d7ad2a4e2329d7c5d1922e98c1,b9fd72052189e809433f1117fde23a4415cf15a5b535349a7a8c5ab86df28e90,78,L,evaluator,3
primary,c6272755a7daa702ee6692564ebe0a57015d2e7536d3153c36fb8cc49826069b,cell-09,45ee678111258ecc973f39f7181d19eaa99fe92394750606ab8588eb0ffd3902,cell-09:lifecycle-01:terminal-step-066,evaluator_shadow,"[""unregistered_failure_category"", ""terminal replacement may bypass only workflow readiness; observed: has_volume, measure_final_requires_terminated, measurement_sample_available""]",bf76788777c7bf100c213ddc258f987adca8734cd545fa56d0bb7f4a598a4314,9b5bec52d05d7a0128185ab3787d321ceee1d5b8c3df52980a37791a53c60a6a,c1c6a2db58266252a8327d33b02a7d7df06193a16fc62df07d2908bf6f77cab5,opaque_codes,,1,unresolved,0,a54f557db0ccd76eb7388241160a12724c5e7b0ca7e6e4244fade22bc8064165,unresolved,995f16032de09044ecf11a54b7d6fef9f0b3463eab2dad331adc52f7c4533857,836ece5bb5c6ca7bee3d36c1f6a0a90892e9475675a94fe8ce030df29a963ac4,L:discard:cell-09:lifecycle-01:terminal-step-066,latent_discard_unit,latent_terminal_analysis,548f8cd8d7d108773f19f6f0eb44c4b1eacd690eaa141ace4d5b62b94ff63934,ae2625e0271437d6fe3b3457265c68c5a2d4811e05852e41c9883c7ec0fbe5c1,7443ee3e20ff9b3d5a2ac5cad485da063701123d50d32be8c0bd80c80c576883,66,L,evaluator,4
primary,7aaee0f3868a544bf862cb05b94d6bc15e272ac28636f26413eb87194ab24040,cell-09,7a817636be33190014b42c825780f711c89a9cfa24333f4dcb18cd9039e92db6,cell-09:lifecycle-02:terminal-step-068,evaluator_shadow,[],bf76788777c7bf100c213ddc258f987adca8734cd545fa56d0bb7f4a598a4314,fe62814ce9870ff19eb20f1a99b600dc29724e2367a771f599f7c819893b3233,646a5919123aff9a3597c0c867a9a5dfaee2dd28f5a5b88cfdf7f8864c29edf9,opaque_codes,0.0015784782632474303,2,resolved,0,62d9b0b385a69f1d88d5c94fb9f27111ebe7279b08f1a2f910d827c204c5b2be,valid,995f16032de09044ecf11a54b7d6fef9f0b3463eab2dad331adc52f7c4533857,58742c05fa24989b73b55a7d396f8df808edc305330e175a364d943ca85845c1,L:discard:cell-09:lifecycle-02:terminal-step-068,latent_discard_unit,latent_terminal_analysis,548f8cd8d7d108773f19f6f0eb44c4b1eacd690eaa141ace4d5b62b94ff63934,12f0896b7063bf4d06056033d8d1e5cfd07f860e8e511181ec38635c46e82ab2,ebc1ae1ebfd1a2c37ce108b91697418093c075894ae29e9f36bc6c3422293027,68,L,,4
primary,a3590adcc4a3fedfe1509a7fd0e43b50bf596dc4dd2feda2902ba48dddc14b92,cell-09,9ca422d9b89681de8f53dd63256f70541b3ab0117661fa6d73b6a9836ce96eaa,cell-09:lifecycle-03:terminal-step-070,evaluator_shadow,"[""unregistered_failure_category"", ""runtime resource state differs from authoritative prefix ledger""]",bf76788777c7bf100c213ddc258f987adca8734cd545fa56d0bb7f4a598a4314,af44d6149dd1fba0eaf3950bac11de9b3254a583afee62edf2fdf9023a5ef5c0,0e8edfdc8b09ff6f1550dc67ca37f31e2418faf5848403124ff252a8e94497c8,opaque_codes,,3,unresolved,0,fff7e235f0e11b8d35a39f13e8f6a6df387161afe4980d4566cf64270acb107e,unresolved,995f16032de09044ecf11a54b7d6fef9f0b3463eab2dad331adc52f7c4533857,29de91dafdf0c0355fb70efd751fa44bd030f451af6686ccefd79458440f8918,L:discard:cell-09:lifecycle-03:terminal-step-070,latent_discard_unit,latent_terminal_analysis,548f8cd8d7d108773f19f6f0eb44c4b1eacd690eaa141ace4d5b62b94ff63934,cdc507aa2bbded42e3048e602edb5ef2cb414668afeaebf5ad7aa177b8b0e3ff,082841e1d5515c3fb5184da6ac9b2f08982847fed95af021c4f279f6151b06b7,70,L,evaluator,4
primary,8b4d7e20fbad691f9527f6764a9db5321fa092361950f0a40eba1a30b8ee6b8a,cell-09,c8731131ca033f942c515a0a2f580c858e677102e85c1c00fedece9820f25cc8,cell-09:lifecycle-04:terminal-step-072,evaluator_shadow,"[""unregistered_failure_category"", ""runtime resource state differs from authoritative prefix ledger""]",bf76788777c7bf100c213ddc258f987adca8734cd545fa56d0bb7f4a598a4314,e5bd4eb6b1c3649b9995da5768c65b7fbb4b4c04e038c52e9b684315d2ed724d,74186265f753e36dcb655354d314650ccb51235be5dd50b23b3d49650c3bb843,opaque_codes,,4,unresolved,0,ba1cfd31ba55cc729ee5bfd962ba63030f2d2eddace3ae437a40336388c2d9d4,unresolved,995f16032de09044ecf11a54b7d6fef9f0b3463eab2dad331adc52f7c4533857,6ba216ba9d372dee6706f58f88ec2f454d9ede106287dea08da807e0018ee50e,L:discard:cell-09:lifecycle-04:terminal-step-072,latent_discard_unit,latent_terminal_analysis,548f8cd8d7d108773f19f6f0eb44c4b1eacd690eaa141ace4d5b62b94ff63934,5133f6812942829cfd3316fab54091d3ff61312c83db69bcf5e68d2eaaca5a44,b3bec3e3809e24c1e590050ccb8f1398f01d6fdc6819975ff3d7d40a6b09fb99,72,L,evaluator,4
primary,d1cb564efef46fce71d9fc47fc7a7e0b7e835e9dbf9e11c05d839261a1cb12ae,cell-09,51d728b7bcaecf6b74961223f97e7ddda95822fb2356fa635fcdb4ce051b72ba,cell-09:lifecycle-05:terminal-step-078,evaluator_shadow,"[""unregistered_failure_category"", ""runtime resource state differs from authoritative prefix ledger""]",bf76788777c7bf100c213ddc258f987adca8734cd545fa56d0bb7f4a598a4314,c6d537087c61120f583f14365b736bc2c05beb163fdf54b4c1689c21751b3a2f,853240e3bcaea03d38715586fa5785c9caa189ee8c6a0b19f0eb1a54610fc998,opaque_codes,,5,unresolved,0,1bc1a15bd54676632448700b651a6e0ec3011848ad89c8274ab252969f49c670,unresolved,995f16032de09044ecf11a54b7d6fef9f0b3463eab2dad331adc52f7c4533857,a817feb6cdbb7da127de94429eb9a1e7f745fd13642e5c06123dfa0187d8dac5,L:discard:cell-09:lifecycle-05:terminal-step-078,latent_discard_unit,latent_terminal_analysis,548f8cd8d7d108773f19f6f0eb44c4b1eacd690eaa141ace4d5b62b94ff63934,5ac91ff00e657dbb5d2162a72820030c1f0e4711971eaedd02bd1c3c7394103e,25a0155f9274cd9ee5a59add074a1c40ce014787f3cc21257f8b75e15e2050c1,78,L,evaluator,4
primary,b77e419e4b31ef40ec864834f4374853bbac4edefcd76a8cd9728e2a3e8124bd,cell-10,b28eddd77970c4a70012077cafc519136b8f29ffdb40e5d42a67539e4f80ba76,cell-10:lifecycle-02:terminal-step-074,evaluator_shadow,"[""unregistered_failure_category"", ""runtime resource state differs from authoritative prefix ledger""]",bf76788777c7bf100c213ddc258f987adca8734cd545fa56d0bb7f4a598a4314,5d3ee5d5bc1c5582a4be925d238d5fda97f48788320f58df7a6ab3ec084b9b1e,1734602da7431bc7842c221a4d953dcf8fd6f27dbab1dd03ae33bdd1e947ce0a,anonymous_nominal_properties,,2,unresolved,0,d2564c44084d949ecfbf36674246db474b9b69b54b8b0a5571a055c463bbb366,unresolved,995f16032de09044ecf11a54b7d6fef9f0b3463eab2dad331adc52f7c4533857,4fe5677c169aaedccd268db089230a25fca84ce2ffe6031bc608f60c3abd2db6,L:discard:cell-10:lifecycle-02:terminal-step-074,latent_discard_unit,latent_terminal_analysis,548f8cd8d7d108773f19f6f0eb44c4b1eacd690eaa141ace4d5b62b94ff63934,4b44ccbe5f61852ee59f519aefc0ca600b8d0be858aabf511d2ac1a67ed6264d,9c1888c99cc43bb28b887377142b6afba840ddb0695420de647aa8fc856796da,74,L,evaluator,4
primary,adae8e9666f0b6f6d9dfabeb12b8b19de3a898cc2725d3b63d613317858c53be,cell-10,94687b8c321afe955b01e4f9c0d7f29dbde8b28fdc785c7dfd9d062e2d322359,cell-10:lifecycle-04:terminal-step-109,evaluator_shadow,"[""unregistered_failure_category"", ""runtime resource state differs from authoritative prefix ledger""]",bf76788777c7bf100c213ddc258f987adca8734cd545fa56d0bb7f4a598a4314,a016ae46f897704b790f5e5e39f08d719f0b06390dc519402292d96ebcfc73e5,9a6670d22895f61e3e3214b232863369a5cfd163a23b9e3162703fb7ded1f9f2,anonymous_nominal_properties,,4,unresolved,0,3f101792c93869e72db349aa94c2b9b18781a5364a11a977dbc9494dc123cb54,unresolved,995f16032de09044ecf11a54b7d6fef9f0b3463eab2dad331adc52f7c4533857,88e7683a113923d9ce7f995f31700682bc32ed4fd86575e6efce2f2c6194a637,L:discard:cell-10:lifecycle-04:terminal-step-109,latent_discard_unit,latent_terminal_analysis,548f8cd8d7d108773f19f6f0eb44c4b1eacd690eaa141ace4d5b62b94ff63934,c58bbe5a8c37ab8d713ed92214f8eb59eb271cd7154ef5381069db514aedaa08,6075304571db221e65f66c168ba9ba3e032dc4b31ba04002ae3ea94ccdc3d9ad,109,L,evaluator,4
primary,dc2611372d709dd451ea6130c028e06360f4a7ecd1a7d0910b5ba17c6a6e159a,cell-10,50c1c8ff3f412f3f86f252ae5fe9f5b23b9bc39bcce86945c66d15dbc8571ce6,cell-10:lifecycle-05:terminal-step-121,evaluator_shadow,"[""unregistered_failure_category"", ""runtime resource state differs from authoritative prefix ledger""]",bf76788777c7bf100c213ddc258f987adca8734cd545fa56d0bb7f4a598a4314,d6886fcb349e2d48d636e558479487cae4625f8b31160d0543ad2af1892c85bd,2d255fb8270e7a5e754ea5abd140a4b27c49a9214217d5cdf63e571137419ec5,anonymous_nominal_properties,,5,unresolved,0,f683341ab2867ecb15075ced581ac6d90262b6a54c1cfbbc3c4f1a9ca55bd724,unresolved,995f16032de09044ecf11a54b7d6fef9f0b3463eab2dad331adc52f7c4533857,f976670e6d1a2c33a4d7fcc9b95374e0e6ca2a3264d076737956cb8a679d085d,L:discard:cell-10:lifecycle-05:terminal-step-121,latent_discard_unit,latent_terminal_analysis,548f8cd8d7d108773f19f6f0eb44c4b1eacd690eaa141ace4d5b62b94ff63934,217b2fc36e41083c84790f89dc80d5886e6afd49ceecb966292217367863aabe,e2c5b4a0ee58c0cced4b0ac82dbaafc0783546e91a6fca1ba8fc790dc102300e,121,L,evaluator,4
