analysis_role,campaign_id,execution_role,failure_reasons,information_arm,lifecycle_index,policy_id,provider_call_count,quality_status,record_id,record_type,source_artifact_id,source_artifact_sha256,source_row_sha256,terminal_decision,track,trajectory_manifest_sha256,world_seed
primary,cell-01-world-0000-opaque-assay-all,original_primary,[],opaque_codes,0,assay_all,0,valid,V:lifecycle:cell-01-world-0000-opaque-assay-all:0,policy_lifecycle,known_policy_formal_audit,661d42ec74993200750f040bb4d12f4403fbc9c2c4b78aed5a9e6cc2b0c6be95,714ea0542409f4a8a2d1c815ffa4630041b38be0f8e658807d46859c2e88d23d,final_assay,V,a9b46e2d917eac65ce65d7b11e808756bae37566163086cdf238eecf7f6cf161,0
primary,cell-01-world-0000-opaque-assay-all,original_primary,[],opaque_codes,1,assay_all,0,valid,V:lifecycle:cell-01-world-0000-opaque-assay-all:1,policy_lifecycle,known_policy_formal_audit,661d42ec74993200750f040bb4d12f4403fbc9c2c4b78aed5a9e6cc2b0c6be95,714ea0542409f4a8a2d1c815ffa4630041b38be0f8e658807d46859c2e88d23d,final_assay,V,a9b46e2d917eac65ce65d7b11e808756bae37566163086cdf238eecf7f6cf161,0
primary,cell-01-world-0000-opaque-assay-all,original_primary,[],opaque_codes,2,assay_all,0,valid,V:lifecycle:cell-01-world-0000-opaque-assay-all:2,policy_lifecycle,known_policy_formal_audit,661d42ec74993200750f040bb4d12f4403fbc9c2c4b78aed5a9e6cc2b0c6be95,714ea0542409f4a8a2d1c815ffa4630041b38be0f8e658807d46859c2e88d23d,final_assay,V,a9b46e2d917eac65ce65d7b11e808756bae37566163086cdf238eecf7f6cf161,0
primary,cell-01-world-0000-opaque-assay-all,original_primary,[],opaque_codes,3,assay_all,0,valid,V:lifecycle:cell-01-world-0000-opaque-assay-all:3,policy_lifecycle,known_policy_formal_audit,661d42ec74993200750f040bb4d12f4403fbc9c2c4b78aed5a9e6cc2b0c6be95,714ea0542409f4a8a2d1c815ffa4630041b38be0f8e658807d46859c2e88d23d,final_assay,V,a9b46e2d917eac65ce65d7b11e808756bae37566163086cdf238eecf7f6cf161,0
primary,cell-01-world-0000-opaque-assay-all,original_primary,[],opaque_codes,4,assay_all,0,valid,V:lifecycle:cell-01-world-0000-opaque-assay-all:4,policy_lifecycle,known_policy_formal_audit,661d42ec74993200750f040bb4d12f4403fbc9c2c4b78aed5a9e6cc2b0c6be95,714ea0542409f4a8a2d1c815ffa4630041b38be0f8e658807d46859c2e88d23d,final_assay,V,a9b46e2d917eac65ce65d7b11e808756bae37566163086cdf238eecf7f6cf161,0
primary,cell-01-world-0000-opaque-assay-all,original_primary,[],opaque_codes,5,assay_all,0,valid,V:lifecycle:cell-01-world-0000-opaque-assay-all:5,policy_lifecycle,known_policy_formal_audit,661d42ec74993200750f040bb4d12f4403fbc9c2c4b78aed5a9e6cc2b0c6be95,714ea0542409f4a8a2d1c815ffa4630041b38be0f8e658807d46859c2e88d23d,final_assay,V,a9b46e2d917eac65ce65d7b11e808756bae37566163086cdf238eecf7f6cf161,0
primary,cell-02-world-0000-opaque-start-then-discard,original_primary,[],opaque_codes,0,start_then_discard,0,valid,V:lifecycle:cell-02-world-0000-opaque-start-then-discard:0,policy_lifecycle,known_policy_formal_audit,661d42ec74993200750f040bb4d12f4403fbc9c2c4b78aed5a9e6cc2b0c6be95,c9ea176f3ee264d575daef64f7bd8c211c832cfe700408f21b549fe51d7a6648,discard,V,fd1034f89452ece2ce27c6e4ca9c1a252d8e1d6ecd22c44c3f907284c13e7290,0
primary,cell-02-world-0000-opaque-start-then-discard,original_primary,[],opaque_codes,1,start_then_discard,0,valid,V:lifecycle:cell-02-world-0000-opaque-start-then-discard:1,policy_lifecycle,known_policy_formal_audit,661d42ec74993200750f040bb4d12f4403fbc9c2c4b78aed5a9e6cc2b0c6be95,c9ea176f3ee264d575daef64f7bd8c211c832cfe700408f21b549fe51d7a6648,discard,V,fd1034f89452ece2ce27c6e4ca9c1a252d8e1d6ecd22c44c3f907284c13e7290,0
primary,cell-02-world-0000-opaque-start-then-discard,original_primary,[],opaque_codes,2,start_then_discard,0,valid,V:lifecycle:cell-02-world-0000-opaque-start-then-discard:2,policy_lifecycle,known_policy_formal_audit,661d42ec74993200750f040bb4d12f4403fbc9c2c4b78aed5a9e6cc2b0c6be95,c9ea176f3ee264d575daef64f7bd8c211c832cfe700408f21b549fe51d7a6648,discard,V,fd1034f89452ece2ce27c6e4ca9c1a252d8e1d6ecd22c44c3f907284c13e7290,0
primary,cell-02-world-0000-opaque-start-then-discard,original_primary,[],opaque_codes,3,start_then_discard,0,valid,V:lifecycle:cell-02-world-0000-opaque-start-then-discard:3,policy_lifecycle,known_policy_formal_audit,661d42ec74993200750f040bb4d12f4403fbc9c2c4b78aed5a9e6cc2b0c6be95,c9ea176f3ee264d575daef64f7bd8c211c832cfe700408f21b549fe51d7a6648,discard,V,fd1034f89452ece2ce27c6e4ca9c1a252d8e1d6ecd22c44c3f907284c13e7290,0
primary,cell-02-world-0000-opaque-start-then-discard,original_primary,[],opaque_codes,4,start_then_discard,0,valid,V:lifecycle:cell-02-world-0000-opaque-start-then-discard:4,policy_lifecycle,known_policy_formal_audit,661d42ec74993200750f040bb4d12f4403fbc9c2c4b78aed5a9e6cc2b0c6be95,c9ea176f3ee264d575daef64f7bd8c211c832cfe700408f21b549fe51d7a6648,discard,V,fd1034f89452ece2ce27c6e4ca9c1a252d8e1d6ecd22c44c3f907284c13e7290,0
primary,cell-02-world-0000-opaque-start-then-discard,original_primary,[],opaque_codes,5,start_then_discard,0,valid,V:lifecycle:cell-02-world-0000-opaque-start-then-discard:5,policy_lifecycle,known_policy_formal_audit,661d42ec74993200750f040bb4d12f4403fbc9c2c4b78aed5a9e6cc2b0c6be95,c9ea176f3ee264d575daef64f7bd8c211c832cfe700408f21b549fe51d7a6648,discard,V,fd1034f89452ece2ce27c6e4ca9c1a252d8e1d6ecd22c44c3f907284c13e7290,0
primary,cell-03-world-0000-opaque-measure-then-threshold,original_primary,[],opaque_codes,0,measure_then_threshold,0,valid,V:lifecycle:cell-03-world-0000-opaque-measure-then-threshold:0,policy_lifecycle,known_policy_formal_audit,661d42ec74993200750f040bb4d12f4403fbc9c2c4b78aed5a9e6cc2b0c6be95,6d14bdd33a91fea82847cdb81a405f7be6493de34f50010a0a679a614644f074,final_assay,V,9a08426a8cf114704e668b57bf1705cd60a1745392d974e8e55a2bc8a85834c3,0
primary,cell-03-world-0000-opaque-measure-then-threshold,original_primary,[],opaque_codes,1,measure_then_threshold,0,valid,V:lifecycle:cell-03-world-0000-opaque-measure-then-threshold:1,policy_lifecycle,known_policy_formal_audit,661d42ec74993200750f040bb4d12f4403fbc9c2c4b78aed5a9e6cc2b0c6be95,6d14bdd33a91fea82847cdb81a405f7be6493de34f50010a0a679a614644f074,discard,V,9a08426a8cf114704e668b57bf1705cd60a1745392d974e8e55a2bc8a85834c3,0
primary,cell-03-world-0000-opaque-measure-then-threshold,original_primary,[],opaque_codes,2,measure_then_threshold,0,valid,V:lifecycle:cell-03-world-0000-opaque-measure-then-threshold:2,policy_lifecycle,known_policy_formal_audit,661d42ec74993200750f040bb4d12f4403fbc9c2c4b78aed5a9e6cc2b0c6be95,6d14bdd33a91fea82847cdb81a405f7be6493de34f50010a0a679a614644f074,final_assay,V,9a08426a8cf114704e668b57bf1705cd60a1745392d974e8e55a2bc8a85834c3,0
primary,cell-03-world-0000-opaque-measure-then-threshold,original_primary,[],opaque_codes,3,measure_then_threshold,0,valid,V:lifecycle:cell-03-world-0000-opaque-measure-then-threshold:3,policy_lifecycle,known_policy_formal_audit,661d42ec74993200750f040bb4d12f4403fbc9c2c4b78aed5a9e6cc2b0c6be95,6d14bdd33a91fea82847cdb81a405f7be6493de34f50010a0a679a614644f074,discard,V,9a08426a8cf114704e668b57bf1705cd60a1745392d974e8e55a2bc8a85834c3,0
primary,cell-03-world-0000-opaque-measure-then-threshold,original_primary,[],opaque_codes,4,measure_then_threshold,0,valid,V:lifecycle:cell-03-world-0000-opaque-measure-then-threshold:4,policy_lifecycle,known_policy_formal_audit,661d42ec74993200750f040bb4d12f4403fbc9c2c4b78aed5a9e6cc2b0c6be95,6d14bdd33a91fea82847cdb81a405f7be6493de34f50010a0a679a614644f074,final_assay,V,9a08426a8cf114704e668b57bf1705cd60a1745392d974e8e55a2bc8a85834c3,0
primary,cell-03-world-0000-opaque-measure-then-threshold,original_primary,[],opaque_codes,5,measure_then_threshold,0,valid,V:lifecycle:cell-03-world-0000-opaque-measure-then-threshold:5,policy_lifecycle,known_policy_formal_audit,661d42ec74993200750f040bb4d12f4403fbc9c2c4b78aed5a9e6cc2b0c6be95,6d14bdd33a91fea82847cdb81a405f7be6493de34f50010a0a679a614644f074,discard,V,9a08426a8cf114704e668b57bf1705cd60a1745392d974e8e55a2bc8a85834c3,0
primary,cell-04-world-0000-anonymous-nominal-assay-all,original_primary,[],anonymous_nominal_properties,0,assay_all,0,valid,V:lifecycle:cell-04-world-0000-anonymous-nominal-assay-all:0,policy_lifecycle,known_policy_formal_audit,661d42ec74993200750f040bb4d12f4403fbc9c2c4b78aed5a9e6cc2b0c6be95,1c4e7bf80b1e594e2ecd8e388ecbfb359e72d8739e8910285ebd120df43a2631,final_assay,V,a9b46e2d917eac65ce65d7b11e808756bae37566163086cdf238eecf7f6cf161,0
primary,cell-04-world-0000-anonymous-nominal-assay-all,original_primary,[],anonymous_nominal_properties,1,assay_all,0,valid,V:lifecycle:cell-04-world-0000-anonymous-nominal-assay-all:1,policy_lifecycle,known_policy_formal_audit,661d42ec74993200750f040bb4d12f4403fbc9c2c4b78aed5a9e6cc2b0c6be95,1c4e7bf80b1e594e2ecd8e388ecbfb359e72d8739e8910285ebd120df43a2631,final_assay,V,a9b46e2d917eac65ce65d7b11e808756bae37566163086cdf238eecf7f6cf161,0
primary,cell-04-world-0000-anonymous-nominal-assay-all,original_primary,[],anonymous_nominal_properties,2,assay_all,0,valid,V:lifecycle:cell-04-world-0000-anonymous-nominal-assay-all:2,policy_lifecycle,known_policy_formal_audit,661d42ec74993200750f040bb4d12f4403fbc9c2c4b78aed5a9e6cc2b0c6be95,1c4e7bf80b1e594e2ecd8e388ecbfb359e72d8739e8910285ebd120df43a2631,final_assay,V,a9b46e2d917eac65ce65d7b11e808756bae37566163086cdf238eecf7f6cf161,0
primary,cell-04-world-0000-anonymous-nominal-assay-all,original_primary,[],anonymous_nominal_properties,3,assay_all,0,valid,V:lifecycle:cell-04-world-0000-anonymous-nominal-assay-all:3,policy_lifecycle,known_policy_formal_audit,661d42ec74993200750f040bb4d12f4403fbc9c2c4b78aed5a9e6cc2b0c6be95,1c4e7bf80b1e594e2ecd8e388ecbfb359e72d8739e8910285ebd120df43a2631,final_assay,V,a9b46e2d917eac65ce65d7b11e808756bae37566163086cdf238eecf7f6cf161,0
primary,cell-04-world-0000-anonymous-nominal-assay-all,original_primary,[],anonymous_nominal_properties,4,assay_all,0,valid,V:lifecycle:cell-04-world-0000-anonymous-nominal-assay-all:4,policy_lifecycle,known_policy_formal_audit,661d42ec74993200750f040bb4d12f4403fbc9c2c4b78aed5a9e6cc2b0c6be95,1c4e7bf80b1e594e2ecd8e388ecbfb359e72d8739e8910285ebd120df43a2631,final_assay,V,a9b46e2d917eac65ce65d7b11e808756bae37566163086cdf238eecf7f6cf161,0
primary,cell-04-world-0000-anonymous-nominal-assay-all,original_primary,[],anonymous_nominal_properties,5,assay_all,0,valid,V:lifecycle:cell-04-world-0000-anonymous-nominal-assay-all:5,policy_lifecycle,known_policy_formal_audit,661d42ec74993200750f040bb4d12f4403fbc9c2c4b78aed5a9e6cc2b0c6be95,1c4e7bf80b1e594e2ecd8e388ecbfb359e72d8739e8910285ebd120df43a2631,final_assay,V,a9b46e2d917eac65ce65d7b11e808756bae37566163086cdf238eecf7f6cf161,0
primary,cell-05-world-0000-anonymous-nominal-start-then-discard,original_primary,[],anonymous_nominal_properties,0,start_then_discard,0,valid,V:lifecycle:cell-05-world-0000-anonymous-nominal-start-then-discard:0,policy_lifecycle,known_policy_formal_audit,661d42ec74993200750f040bb4d12f4403fbc9c2c4b78aed5a9e6cc2b0c6be95,ed7d9953e9be246d5b6297ca26b961b2e134e60ff2546c9798fb93e6e5d753a3,discard,V,fd1034f89452ece2ce27c6e4ca9c1a252d8e1d6ecd22c44c3f907284c13e7290,0
primary,cell-05-world-0000-anonymous-nominal-start-then-discard,original_primary,[],anonymous_nominal_properties,1,start_then_discard,0,valid,V:lifecycle:cell-05-world-0000-anonymous-nominal-start-then-discard:1,policy_lifecycle,known_policy_formal_audit,661d42ec74993200750f040bb4d12f4403fbc9c2c4b78aed5a9e6cc2b0c6be95,ed7d9953e9be246d5b6297ca26b961b2e134e60ff2546c9798fb93e6e5d753a3,discard,V,fd1034f89452ece2ce27c6e4ca9c1a252d8e1d6ecd22c44c3f907284c13e7290,0
primary,cell-05-world-0000-anonymous-nominal-start-then-discard,original_primary,[],anonymous_nominal_properties,2,start_then_discard,0,valid,V:lifecycle:cell-05-world-0000-anonymous-nominal-start-then-discard:2,policy_lifecycle,known_policy_formal_audit,661d42ec74993200750f040bb4d12f4403fbc9c2c4b78aed5a9e6cc2b0c6be95,ed7d9953e9be246d5b6297ca26b961b2e134e60ff2546c9798fb93e6e5d753a3,discard,V,fd1034f89452ece2ce27c6e4ca9c1a252d8e1d6ecd22c44c3f907284c13e7290,0
primary,cell-05-world-0000-anonymous-nominal-start-then-discard,original_primary,[],anonymous_nominal_properties,3,start_then_discard,0,valid,V:lifecycle:cell-05-world-0000-anonymous-nominal-start-then-discard:3,policy_lifecycle,known_policy_formal_audit,661d42ec74993200750f040bb4d12f4403fbc9c2c4b78aed5a9e6cc2b0c6be95,ed7d9953e9be246d5b6297ca26b961b2e134e60ff2546c9798fb93e6e5d753a3,discard,V,fd1034f89452ece2ce27c6e4ca9c1a252d8e1d6ecd22c44c3f907284c13e7290,0
primary,cell-05-world-0000-anonymous-nominal-start-then-discard,original_primary,[],anonymous_nominal_properties,4,start_then_discard,0,valid,V:lifecycle:cell-05-world-0000-anonymous-nominal-start-then-discard:4,policy_lifecycle,known_policy_formal_audit,661d42ec74993200750f040bb4d12f4403fbc9c2c4b78aed5a9e6cc2b0c6be95,ed7d9953e9be246d5b6297ca26b961b2e134e60ff2546c9798fb93e6e5d753a3,discard,V,fd1034f89452ece2ce27c6e4ca9c1a252d8e1d6ecd22c44c3f907284c13e7290,0
primary,cell-05-world-0000-anonymous-nominal-start-then-discard,original_primary,[],anonymous_nominal_properties,5,start_then_discard,0,valid,V:lifecycle:cell-05-world-0000-anonymous-nominal-start-then-discard:5,policy_lifecycle,known_policy_formal_audit,661d42ec74993200750f040bb4d12f4403fbc9c2c4b78aed5a9e6cc2b0c6be95,ed7d9953e9be246d5b6297ca26b961b2e134e60ff2546c9798fb93e6e5d753a3,discard,V,fd1034f89452ece2ce27c6e4ca9c1a252d8e1d6ecd22c44c3f907284c13e7290,0
primary,cell-06-world-0000-anonymous-nominal-measure-then-threshold,original_primary,[],anonymous_nominal_properties,0,measure_then_threshold,0,valid,V:lifecycle:cell-06-world-0000-anonymous-nominal-measure-then-threshold:0,policy_lifecycle,known_policy_formal_audit,661d42ec74993200750f040bb4d12f4403fbc9c2c4b78aed5a9e6cc2b0c6be95,96b34584d9193911fe2598bd3f1f03d419f5c7efdf375ac717d8267f264798ef,final_assay,V,9a08426a8cf114704e668b57bf1705cd60a1745392d974e8e55a2bc8a85834c3,0
primary,cell-06-world-0000-anonymous-nominal-measure-then-threshold,original_primary,[],anonymous_nominal_properties,1,measure_then_threshold,0,valid,V:lifecycle:cell-06-world-0000-anonymous-nominal-measure-then-threshold:1,policy_lifecycle,known_policy_formal_audit,661d42ec74993200750f040bb4d12f4403fbc9c2c4b78aed5a9e6cc2b0c6be95,96b34584d9193911fe2598bd3f1f03d419f5c7efdf375ac717d8267f264798ef,discard,V,9a08426a8cf114704e668b57bf1705cd60a1745392d974e8e55a2bc8a85834c3,0
primary,cell-06-world-0000-anonymous-nominal-measure-then-threshold,original_primary,[],anonymous_nominal_properties,2,measure_then_threshold,0,valid,V:lifecycle:cell-06-world-0000-anonymous-nominal-measure-then-threshold:2,policy_lifecycle,known_policy_formal_audit,661d42ec74993200750f040bb4d12f4403fbc9c2c4b78aed5a9e6cc2b0c6be95,96b34584d9193911fe2598bd3f1f03d419f5c7efdf375ac717d8267f264798ef,final_assay,V,9a08426a8cf114704e668b57bf1705cd60a1745392d974e8e55a2bc8a85834c3,0
primary,cell-06-world-0000-anonymous-nominal-measure-then-threshold,original_primary,[],anonymous_nominal_properties,3,measure_then_threshold,0,valid,V:lifecycle:cell-06-world-0000-anonymous-nominal-measure-then-threshold:3,policy_lifecycle,known_policy_formal_audit,661d42ec74993200750f040bb4d12f4403fbc9c2c4b78aed5a9e6cc2b0c6be95,96b34584d9193911fe2598bd3f1f03d419f5c7efdf375ac717d8267f264798ef,discard,V,9a08426a8cf114704e668b57bf1705cd60a1745392d974e8e55a2bc8a85834c3,0
primary,cell-06-world-0000-anonymous-nominal-measure-then-threshold,original_primary,[],anonymous_nominal_properties,4,measure_then_threshold,0,valid,V:lifecycle:cell-06-world-0000-anonymous-nominal-measure-then-threshold:4,policy_lifecycle,known_policy_formal_audit,661d42ec74993200750f040bb4d12f4403fbc9c2c4b78aed5a9e6cc2b0c6be95,96b34584d9193911fe2598bd3f1f03d419f5c7efdf375ac717d8267f264798ef,final_assay,V,9a08426a8cf114704e668b57bf1705cd60a1745392d974e8e55a2bc8a85834c3,0
primary,cell-06-world-0000-anonymous-nominal-measure-then-threshold,original_primary,[],anonymous_nominal_properties,5,measure_then_threshold,0,valid,V:lifecycle:cell-06-world-0000-anonymous-nominal-measure-then-threshold:5,policy_lifecycle,known_policy_formal_audit,661d42ec74993200750f040bb4d12f4403fbc9c2c4b78aed5a9e6cc2b0c6be95,96b34584d9193911fe2598bd3f1f03d419f5c7efdf375ac717d8267f264798ef,discard,V,9a08426a8cf114704e668b57bf1705cd60a1745392d974e8e55a2bc8a85834c3,0
primary,cell-07-world-0001-opaque-assay-all,original_primary,[],opaque_codes,0,assay_all,0,valid,V:lifecycle:cell-07-world-0001-opaque-assay-all:0,policy_lifecycle,known_policy_formal_audit,661d42ec74993200750f040bb4d12f4403fbc9c2c4b78aed5a9e6cc2b0c6be95,99e9d6db657d7f69d5fb05fd500c87ef58cec1495948490fd35d826432ad7f4c,final_assay,V,8700f37a39d10dd64c93864c3903f4784a18fc56e3353ad5dd50d2d50f32c5c6,1
primary,cell-07-world-0001-opaque-assay-all,original_primary,[],opaque_codes,1,assay_all,0,valid,V:lifecycle:cell-07-world-0001-opaque-assay-all:1,policy_lifecycle,known_policy_formal_audit,661d42ec74993200750f040bb4d12f4403fbc9c2c4b78aed5a9e6cc2b0c6be95,99e9d6db657d7f69d5fb05fd500c87ef58cec1495948490fd35d826432ad7f4c,final_assay,V,8700f37a39d10dd64c93864c3903f4784a18fc56e3353ad5dd50d2d50f32c5c6,1
primary,cell-07-world-0001-opaque-assay-all,original_primary,[],opaque_codes,2,assay_all,0,valid,V:lifecycle:cell-07-world-0001-opaque-assay-all:2,policy_lifecycle,known_policy_formal_audit,661d42ec74993200750f040bb4d12f4403fbc9c2c4b78aed5a9e6cc2b0c6be95,99e9d6db657d7f69d5fb05fd500c87ef58cec1495948490fd35d826432ad7f4c,final_assay,V,8700f37a39d10dd64c93864c3903f4784a18fc56e3353ad5dd50d2d50f32c5c6,1
primary,cell-07-world-0001-opaque-assay-all,original_primary,[],opaque_codes,3,assay_all,0,valid,V:lifecycle:cell-07-world-0001-opaque-assay-all:3,policy_lifecycle,known_policy_formal_audit,661d42ec74993200750f040bb4d12f4403fbc9c2c4b78aed5a9e6cc2b0c6be95,99e9d6db657d7f69d5fb05fd500c87ef58cec1495948490fd35d826432ad7f4c,final_assay,V,8700f37a39d10dd64c93864c3903f4784a18fc56e3353ad5dd50d2d50f32c5c6,1
primary,cell-07-world-0001-opaque-assay-all,original_primary,[],opaque_codes,4,assay_all,0,valid,V:lifecycle:cell-07-world-0001-opaque-assay-all:4,policy_lifecycle,known_policy_formal_audit,661d42ec74993200750f040bb4d12f4403fbc9c2c4b78aed5a9e6cc2b0c6be95,99e9d6db657d7f69d5fb05fd500c87ef58cec1495948490fd35d826432ad7f4c,final_assay,V,8700f37a39d10dd64c93864c3903f4784a18fc56e3353ad5dd50d2d50f32c5c6,1
primary,cell-07-world-0001-opaque-assay-all,original_primary,[],opaque_codes,5,assay_all,0,valid,V:lifecycle:cell-07-world-0001-opaque-assay-all:5,policy_lifecycle,known_policy_formal_audit,661d42ec74993200750f040bb4d12f4403fbc9c2c4b78aed5a9e6cc2b0c6be95,99e9d6db657d7f69d5fb05fd500c87ef58cec1495948490fd35d826432ad7f4c,final_assay,V,8700f37a39d10dd64c93864c3903f4784a18fc56e3353ad5dd50d2d50f32c5c6,1
primary,cell-08-world-0001-opaque-start-then-discard,original_primary,[],opaque_codes,0,start_then_discard,0,valid,V:lifecycle:cell-08-world-0001-opaque-start-then-discard:0,policy_lifecycle,known_policy_formal_audit,661d42ec74993200750f040bb4d12f4403fbc9c2c4b78aed5a9e6cc2b0c6be95,4e51567ca96164a61482bd5b8515b03af3fd1c5babf0711442f584acf233fdb0,discard,V,f3595940aa5029b3444f7507c8c56c8c58cb3fb9d8635d21f8d0fcf99903fcb7,1
primary,cell-08-world-0001-opaque-start-then-discard,original_primary,[],opaque_codes,1,start_then_discard,0,valid,V:lifecycle:cell-08-world-0001-opaque-start-then-discard:1,policy_lifecycle,known_policy_formal_audit,661d42ec74993200750f040bb4d12f4403fbc9c2c4b78aed5a9e6cc2b0c6be95,4e51567ca96164a61482bd5b8515b03af3fd1c5babf0711442f584acf233fdb0,discard,V,f3595940aa5029b3444f7507c8c56c8c58cb3fb9d8635d21f8d0fcf99903fcb7,1
primary,cell-08-world-0001-opaque-start-then-discard,original_primary,[],opaque_codes,2,start_then_discard,0,valid,V:lifecycle:cell-08-world-0001-opaque-start-then-discard:2,policy_lifecycle,known_policy_formal_audit,661d42ec74993200750f040bb4d12f4403fbc9c2c4b78aed5a9e6cc2b0c6be95,4e51567ca96164a61482bd5b8515b03af3fd1c5babf0711442f584acf233fdb0,discard,V,f3595940aa5029b3444f7507c8c56c8c58cb3fb9d8635d21f8d0fcf99903fcb7,1
primary,cell-08-world-0001-opaque-start-then-discard,original_primary,[],opaque_codes,3,start_then_discard,0,valid,V:lifecycle:cell-08-world-0001-opaque-start-then-discard:3,policy_lifecycle,known_policy_formal_audit,661d42ec74993200750f040bb4d12f4403fbc9c2c4b78aed5a9e6cc2b0c6be95,4e51567ca96164a61482bd5b8515b03af3fd1c5babf0711442f584acf233fdb0,discard,V,f3595940aa5029b3444f7507c8c56c8c58cb3fb9d8635d21f8d0fcf99903fcb7,1
primary,cell-08-world-0001-opaque-start-then-discard,original_primary,[],opaque_codes,4,start_then_discard,0,valid,V:lifecycle:cell-08-world-0001-opaque-start-then-discard:4,policy_lifecycle,known_policy_formal_audit,661d42ec74993200750f040bb4d12f4403fbc9c2c4b78aed5a9e6cc2b0c6be95,4e51567ca96164a61482bd5b8515b03af3fd1c5babf0711442f584acf233fdb0,discard,V,f3595940aa5029b3444f7507c8c56c8c58cb3fb9d8635d21f8d0fcf99903fcb7,1
primary,cell-08-world-0001-opaque-start-then-discard,original_primary,[],opaque_codes,5,start_then_discard,0,valid,V:lifecycle:cell-08-world-0001-opaque-start-then-discard:5,policy_lifecycle,known_policy_formal_audit,661d42ec74993200750f040bb4d12f4403fbc9c2c4b78aed5a9e6cc2b0c6be95,4e51567ca96164a61482bd5b8515b03af3fd1c5babf0711442f584acf233fdb0,discard,V,f3595940aa5029b3444f7507c8c56c8c58cb3fb9d8635d21f8d0fcf99903fcb7,1
primary,cell-09-world-0001-opaque-measure-then-threshold,original_primary,[],opaque_codes,0,measure_then_threshold,0,valid,V:lifecycle:cell-09-world-0001-opaque-measure-then-threshold:0,policy_lifecycle,known_policy_formal_audit,661d42ec74993200750f040bb4d12f4403fbc9c2c4b78aed5a9e6cc2b0c6be95,d52fae121f46705e849fa2372076ec9f748d07410d73a54609fa83b8cd57b3b3,final_assay,V,0af0b54396216f4bd632073101679b26ccbea70e0235fe0488e3066795ac8b05,1
primary,cell-09-world-0001-opaque-measure-then-threshold,original_primary,[],opaque_codes,1,measure_then_threshold,0,valid,V:lifecycle:cell-09-world-0001-opaque-measure-then-threshold:1,policy_lifecycle,known_policy_formal_audit,661d42ec74993200750f040bb4d12f4403fbc9c2c4b78aed5a9e6cc2b0c6be95,d52fae121f46705e849fa2372076ec9f748d07410d73a54609fa83b8cd57b3b3,discard,V,0af0b54396216f4bd632073101679b26ccbea70e0235fe0488e3066795ac8b05,1
primary,cell-09-world-0001-opaque-measure-then-threshold,original_primary,[],opaque_codes,2,measure_then_threshold,0,valid,V:lifecycle:cell-09-world-0001-opaque-measure-then-threshold:2,policy_lifecycle,known_policy_formal_audit,661d42ec74993200750f040bb4d12f4403fbc9c2c4b78aed5a9e6cc2b0c6be95,d52fae121f46705e849fa2372076ec9f748d07410d73a54609fa83b8cd57b3b3,final_assay,V,0af0b54396216f4bd632073101679b26ccbea70e0235fe0488e3066795ac8b05,1
primary,cell-09-world-0001-opaque-measure-then-threshold,original_primary,[],opaque_codes,3,measure_then_threshold,0,valid,V:lifecycle:cell-09-world-0001-opaque-measure-then-threshold:3,policy_lifecycle,known_policy_formal_audit,661d42ec74993200750f040bb4d12f4403fbc9c2c4b78aed5a9e6cc2b0c6be95,d52fae121f46705e849fa2372076ec9f748d07410d73a54609fa83b8cd57b3b3,discard,V,0af0b54396216f4bd632073101679b26ccbea70e0235fe0488e3066795ac8b05,1
primary,cell-09-world-0001-opaque-measure-then-threshold,original_primary,[],opaque_codes,4,measure_then_threshold,0,valid,V:lifecycle:cell-09-world-0001-opaque-measure-then-threshold:4,policy_lifecycle,known_policy_formal_audit,661d42ec74993200750f040bb4d12f4403fbc9c2c4b78aed5a9e6cc2b0c6be95,d52fae121f46705e849fa2372076ec9f748d07410d73a54609fa83b8cd57b3b3,final_assay,V,0af0b54396216f4bd632073101679b26ccbea70e0235fe0488e3066795ac8b05,1
primary,cell-09-world-0001-opaque-measure-then-threshold,original_primary,[],opaque_codes,5,measure_then_threshold,0,valid,V:lifecycle:cell-09-world-0001-opaque-measure-then-threshold:5,policy_lifecycle,known_policy_formal_audit,661d42ec74993200750f040bb4d12f4403fbc9c2c4b78aed5a9e6cc2b0c6be95,d52fae121f46705e849fa2372076ec9f748d07410d73a54609fa83b8cd57b3b3,discard,V,0af0b54396216f4bd632073101679b26ccbea70e0235fe0488e3066795ac8b05,1
primary,cell-10-world-0001-anonymous-nominal-assay-all,original_primary,[],anonymous_nominal_properties,0,assay_all,0,valid,V:lifecycle:cell-10-world-0001-anonymous-nominal-assay-all:0,policy_lifecycle,known_policy_formal_audit,661d42ec74993200750f040bb4d12f4403fbc9c2c4b78aed5a9e6cc2b0c6be95,7d0e8328f4294c270f0b6ad92cdcb6ea29576ff7b74f4994af01df9004450c9d,final_assay,V,8700f37a39d10dd64c93864c3903f4784a18fc56e3353ad5dd50d2d50f32c5c6,1
primary,cell-10-world-0001-anonymous-nominal-assay-all,original_primary,[],anonymous_nominal_properties,1,assay_all,0,valid,V:lifecycle:cell-10-world-0001-anonymous-nominal-assay-all:1,policy_lifecycle,known_policy_formal_audit,661d42ec74993200750f040bb4d12f4403fbc9c2c4b78aed5a9e6cc2b0c6be95,7d0e8328f4294c270f0b6ad92cdcb6ea29576ff7b74f4994af01df9004450c9d,final_assay,V,8700f37a39d10dd64c93864c3903f4784a18fc56e3353ad5dd50d2d50f32c5c6,1
primary,cell-10-world-0001-anonymous-nominal-assay-all,original_primary,[],anonymous_nominal_properties,2,assay_all,0,valid,V:lifecycle:cell-10-world-0001-anonymous-nominal-assay-all:2,policy_lifecycle,known_policy_formal_audit,661d42ec74993200750f040bb4d12f4403fbc9c2c4b78aed5a9e6cc2b0c6be95,7d0e8328f4294c270f0b6ad92cdcb6ea29576ff7b74f4994af01df9004450c9d,final_assay,V,8700f37a39d10dd64c93864c3903f4784a18fc56e3353ad5dd50d2d50f32c5c6,1
primary,cell-10-world-0001-anonymous-nominal-assay-all,original_primary,[],anonymous_nominal_properties,3,assay_all,0,valid,V:lifecycle:cell-10-world-0001-anonymous-nominal-assay-all:3,policy_lifecycle,known_policy_formal_audit,661d42ec74993200750f040bb4d12f4403fbc9c2c4b78aed5a9e6cc2b0c6be95,7d0e8328f4294c270f0b6ad92cdcb6ea29576ff7b74f4994af01df9004450c9d,final_assay,V,8700f37a39d10dd64c93864c3903f4784a18fc56e3353ad5dd50d2d50f32c5c6,1
primary,cell-10-world-0001-anonymous-nominal-assay-all,original_primary,[],anonymous_nominal_properties,4,assay_all,0,valid,V:lifecycle:cell-10-world-0001-anonymous-nominal-assay-all:4,policy_lifecycle,known_policy_formal_audit,661d42ec74993200750f040bb4d12f4403fbc9c2c4b78aed5a9e6cc2b0c6be95,7d0e8328f4294c270f0b6ad92cdcb6ea29576ff7b74f4994af01df9004450c9d,final_assay,V,8700f37a39d10dd64c93864c3903f4784a18fc56e3353ad5dd50d2d50f32c5c6,1
primary,cell-10-world-0001-anonymous-nominal-assay-all,original_primary,[],anonymous_nominal_properties,5,assay_all,0,valid,V:lifecycle:cell-10-world-0001-anonymous-nominal-assay-all:5,policy_lifecycle,known_policy_formal_audit,661d42ec74993200750f040bb4d12f4403fbc9c2c4b78aed5a9e6cc2b0c6be95,7d0e8328f4294c270f0b6ad92cdcb6ea29576ff7b74f4994af01df9004450c9d,final_assay,V,8700f37a39d10dd64c93864c3903f4784a18fc56e3353ad5dd50d2d50f32c5c6,1
primary,cell-11-world-0001-anonymous-nominal-start-then-discard,original_primary,[],anonymous_nominal_properties,0,start_then_discard,0,valid,V:lifecycle:cell-11-world-0001-anonymous-nominal-start-then-discard:0,policy_lifecycle,known_policy_formal_audit,661d42ec74993200750f040bb4d12f4403fbc9c2c4b78aed5a9e6cc2b0c6be95,8e3134f84e2131a36b372b3111433469dc778735e757671988ab9ee0444126da,discard,V,f3595940aa5029b3444f7507c8c56c8c58cb3fb9d8635d21f8d0fcf99903fcb7,1
primary,cell-11-world-0001-anonymous-nominal-start-then-discard,original_primary,[],anonymous_nominal_properties,1,start_then_discard,0,valid,V:lifecycle:cell-11-world-0001-anonymous-nominal-start-then-discard:1,policy_lifecycle,known_policy_formal_audit,661d42ec74993200750f040bb4d12f4403fbc9c2c4b78aed5a9e6cc2b0c6be95,8e3134f84e2131a36b372b3111433469dc778735e757671988ab9ee0444126da,discard,V,f3595940aa5029b3444f7507c8c56c8c58cb3fb9d8635d21f8d0fcf99903fcb7,1
primary,cell-11-world-0001-anonymous-nominal-start-then-discard,original_primary,[],anonymous_nominal_properties,2,start_then_discard,0,valid,V:lifecycle:cell-11-world-0001-anonymous-nominal-start-then-discard:2,policy_lifecycle,known_policy_formal_audit,661d42ec74993200750f040bb4d12f4403fbc9c2c4b78aed5a9e6cc2b0c6be95,8e3134f84e2131a36b372b3111433469dc778735e757671988ab9ee0444126da,discard,V,f3595940aa5029b3444f7507c8c56c8c58cb3fb9d8635d21f8d0fcf99903fcb7,1
primary,cell-11-world-0001-anonymous-nominal-start-then-discard,original_primary,[],anonymous_nominal_properties,3,start_then_discard,0,valid,V:lifecycle:cell-11-world-0001-anonymous-nominal-start-then-discard:3,policy_lifecycle,known_policy_formal_audit,661d42ec74993200750f040bb4d12f4403fbc9c2c4b78aed5a9e6cc2b0c6be95,8e3134f84e2131a36b372b3111433469dc778735e757671988ab9ee0444126da,discard,V,f3595940aa5029b3444f7507c8c56c8c58cb3fb9d8635d21f8d0fcf99903fcb7,1
primary,cell-11-world-0001-anonymous-nominal-start-then-discard,original_primary,[],anonymous_nominal_properties,4,start_then_discard,0,valid,V:lifecycle:cell-11-world-0001-anonymous-nominal-start-then-discard:4,policy_lifecycle,known_policy_formal_audit,661d42ec74993200750f040bb4d12f4403fbc9c2c4b78aed5a9e6cc2b0c6be95,8e3134f84e2131a36b372b3111433469dc778735e757671988ab9ee0444126da,discard,V,f3595940aa5029b3444f7507c8c56c8c58cb3fb9d8635d21f8d0fcf99903fcb7,1
primary,cell-11-world-0001-anonymous-nominal-start-then-discard,original_primary,[],anonymous_nominal_properties,5,start_then_discard,0,valid,V:lifecycle:cell-11-world-0001-anonymous-nominal-start-then-discard:5,policy_lifecycle,known_policy_formal_audit,661d42ec74993200750f040bb4d12f4403fbc9c2c4b78aed5a9e6cc2b0c6be95,8e3134f84e2131a36b372b3111433469dc778735e757671988ab9ee0444126da,discard,V,f3595940aa5029b3444f7507c8c56c8c58cb3fb9d8635d21f8d0fcf99903fcb7,1
primary,cell-12-world-0001-anonymous-nominal-measure-then-threshold,original_primary,[],anonymous_nominal_properties,0,measure_then_threshold,0,valid,V:lifecycle:cell-12-world-0001-anonymous-nominal-measure-then-threshold:0,policy_lifecycle,known_policy_formal_audit,661d42ec74993200750f040bb4d12f4403fbc9c2c4b78aed5a9e6cc2b0c6be95,7c9cb0df9560735da65aed769092f5b56cd85bdbdeaec8350981756d3ffa5c3c,final_assay,V,0af0b54396216f4bd632073101679b26ccbea70e0235fe0488e3066795ac8b05,1
primary,cell-12-world-0001-anonymous-nominal-measure-then-threshold,original_primary,[],anonymous_nominal_properties,1,measure_then_threshold,0,valid,V:lifecycle:cell-12-world-0001-anonymous-nominal-measure-then-threshold:1,policy_lifecycle,known_policy_formal_audit,661d42ec74993200750f040bb4d12f4403fbc9c2c4b78aed5a9e6cc2b0c6be95,7c9cb0df9560735da65aed769092f5b56cd85bdbdeaec8350981756d3ffa5c3c,discard,V,0af0b54396216f4bd632073101679b26ccbea70e0235fe0488e3066795ac8b05,1
primary,cell-12-world-0001-anonymous-nominal-measure-then-threshold,original_primary,[],anonymous_nominal_properties,2,measure_then_threshold,0,valid,V:lifecycle:cell-12-world-0001-anonymous-nominal-measure-then-threshold:2,policy_lifecycle,known_policy_formal_audit,661d42ec74993200750f040bb4d12f4403fbc9c2c4b78aed5a9e6cc2b0c6be95,7c9cb0df9560735da65aed769092f5b56cd85bdbdeaec8350981756d3ffa5c3c,final_assay,V,0af0b54396216f4bd632073101679b26ccbea70e0235fe0488e3066795ac8b05,1
primary,cell-12-world-0001-anonymous-nominal-measure-then-threshold,original_primary,[],anonymous_nominal_properties,3,measure_then_threshold,0,valid,V:lifecycle:cell-12-world-0001-anonymous-nominal-measure-then-threshold:3,policy_lifecycle,known_policy_formal_audit,661d42ec74993200750f040bb4d12f4403fbc9c2c4b78aed5a9e6cc2b0c6be95,7c9cb0df9560735da65aed769092f5b56cd85bdbdeaec8350981756d3ffa5c3c,discard,V,0af0b54396216f4bd632073101679b26ccbea70e0235fe0488e3066795ac8b05,1
primary,cell-12-world-0001-anonymous-nominal-measure-then-threshold,original_primary,[],anonymous_nominal_properties,4,measure_then_threshold,0,valid,V:lifecycle:cell-12-world-0001-anonymous-nominal-measure-then-threshold:4,policy_lifecycle,known_policy_formal_audit,661d42ec74993200750f040bb4d12f4403fbc9c2c4b78aed5a9e6cc2b0c6be95,7c9cb0df9560735da65aed769092f5b56cd85bdbdeaec8350981756d3ffa5c3c,final_assay,V,0af0b54396216f4bd632073101679b26ccbea70e0235fe0488e3066795ac8b05,1
primary,cell-12-world-0001-anonymous-nominal-measure-then-threshold,original_primary,[],anonymous_nominal_properties,5,measure_then_threshold,0,valid,V:lifecycle:cell-12-world-0001-anonymous-nominal-measure-then-threshold:5,policy_lifecycle,known_policy_formal_audit,661d42ec74993200750f040bb4d12f4403fbc9c2c4b78aed5a9e6cc2b0c6be95,7c9cb0df9560735da65aed769092f5b56cd85bdbdeaec8350981756d3ffa5c3c,discard,V,0af0b54396216f4bd632073101679b26ccbea70e0235fe0488e3066795ac8b05,1
primary,cell-13-world-0002-opaque-assay-all,original_primary,[],opaque_codes,0,assay_all,0,valid,V:lifecycle:cell-13-world-0002-opaque-assay-all:0,policy_lifecycle,known_policy_formal_audit,661d42ec74993200750f040bb4d12f4403fbc9c2c4b78aed5a9e6cc2b0c6be95,c53bbbb020c57bf67498d40d7c10e39c72092ef19ea4970c5f2c2e9f6e5f80f1,final_assay,V,daf5e17098f461049f89e9a660ed2516ccf2e93dcb8f8747b27aa03e43fa837a,2
primary,cell-13-world-0002-opaque-assay-all,original_primary,[],opaque_codes,1,assay_all,0,valid,V:lifecycle:cell-13-world-0002-opaque-assay-all:1,policy_lifecycle,known_policy_formal_audit,661d42ec74993200750f040bb4d12f4403fbc9c2c4b78aed5a9e6cc2b0c6be95,c53bbbb020c57bf67498d40d7c10e39c72092ef19ea4970c5f2c2e9f6e5f80f1,final_assay,V,daf5e17098f461049f89e9a660ed2516ccf2e93dcb8f8747b27aa03e43fa837a,2
primary,cell-13-world-0002-opaque-assay-all,original_primary,[],opaque_codes,2,assay_all,0,valid,V:lifecycle:cell-13-world-0002-opaque-assay-all:2,policy_lifecycle,known_policy_formal_audit,661d42ec74993200750f040bb4d12f4403fbc9c2c4b78aed5a9e6cc2b0c6be95,c53bbbb020c57bf67498d40d7c10e39c72092ef19ea4970c5f2c2e9f6e5f80f1,final_assay,V,daf5e17098f461049f89e9a660ed2516ccf2e93dcb8f8747b27aa03e43fa837a,2
primary,cell-13-world-0002-opaque-assay-all,original_primary,[],opaque_codes,3,assay_all,0,valid,V:lifecycle:cell-13-world-0002-opaque-assay-all:3,policy_lifecycle,known_policy_formal_audit,661d42ec74993200750f040bb4d12f4403fbc9c2c4b78aed5a9e6cc2b0c6be95,c53bbbb020c57bf67498d40d7c10e39c72092ef19ea4970c5f2c2e9f6e5f80f1,final_assay,V,daf5e17098f461049f89e9a660ed2516ccf2e93dcb8f8747b27aa03e43fa837a,2
primary,cell-13-world-0002-opaque-assay-all,original_primary,[],opaque_codes,4,assay_all,0,valid,V:lifecycle:cell-13-world-0002-opaque-assay-all:4,policy_lifecycle,known_policy_formal_audit,661d42ec74993200750f040bb4d12f4403fbc9c2c4b78aed5a9e6cc2b0c6be95,c53bbbb020c57bf67498d40d7c10e39c72092ef19ea4970c5f2c2e9f6e5f80f1,final_assay,V,daf5e17098f461049f89e9a660ed2516ccf2e93dcb8f8747b27aa03e43fa837a,2
primary,cell-13-world-0002-opaque-assay-all,original_primary,[],opaque_codes,5,assay_all,0,valid,V:lifecycle:cell-13-world-0002-opaque-assay-all:5,policy_lifecycle,known_policy_formal_audit,661d42ec74993200750f040bb4d12f4403fbc9c2c4b78aed5a9e6cc2b0c6be95,c53bbbb020c57bf67498d40d7c10e39c72092ef19ea4970c5f2c2e9f6e5f80f1,final_assay,V,daf5e17098f461049f89e9a660ed2516ccf2e93dcb8f8747b27aa03e43fa837a,2
primary,cell-14-world-0002-opaque-start-then-discard,original_primary,[],opaque_codes,0,start_then_discard,0,valid,V:lifecycle:cell-14-world-0002-opaque-start-then-discard:0,policy_lifecycle,known_policy_formal_audit,661d42ec74993200750f040bb4d12f4403fbc9c2c4b78aed5a9e6cc2b0c6be95,a4767791438c1adb942255be106723c429fb0f141ca2f32c51e4464e8518afa6,discard,V,407343411b3a77a0f13495f766cb8383b066f6b870d9cf3dbab3d5faa5ed24a8,2
primary,cell-14-world-0002-opaque-start-then-discard,original_primary,[],opaque_codes,1,start_then_discard,0,valid,V:lifecycle:cell-14-world-0002-opaque-start-then-discard:1,policy_lifecycle,known_policy_formal_audit,661d42ec74993200750f040bb4d12f4403fbc9c2c4b78aed5a9e6cc2b0c6be95,a4767791438c1adb942255be106723c429fb0f141ca2f32c51e4464e8518afa6,discard,V,407343411b3a77a0f13495f766cb8383b066f6b870d9cf3dbab3d5faa5ed24a8,2
primary,cell-14-world-0002-opaque-start-then-discard,original_primary,[],opaque_codes,2,start_then_discard,0,valid,V:lifecycle:cell-14-world-0002-opaque-start-then-discard:2,policy_lifecycle,known_policy_formal_audit,661d42ec74993200750f040bb4d12f4403fbc9c2c4b78aed5a9e6cc2b0c6be95,a4767791438c1adb942255be106723c429fb0f141ca2f32c51e4464e8518afa6,discard,V,407343411b3a77a0f13495f766cb8383b066f6b870d9cf3dbab3d5faa5ed24a8,2
primary,cell-14-world-0002-opaque-start-then-discard,original_primary,[],opaque_codes,3,start_then_discard,0,valid,V:lifecycle:cell-14-world-0002-opaque-start-then-discard:3,policy_lifecycle,known_policy_formal_audit,661d42ec74993200750f040bb4d12f4403fbc9c2c4b78aed5a9e6cc2b0c6be95,a4767791438c1adb942255be106723c429fb0f141ca2f32c51e4464e8518afa6,discard,V,407343411b3a77a0f13495f766cb8383b066f6b870d9cf3dbab3d5faa5ed24a8,2
primary,cell-14-world-0002-opaque-start-then-discard,original_primary,[],opaque_codes,4,start_then_discard,0,valid,V:lifecycle:cell-14-world-0002-opaque-start-then-discard:4,policy_lifecycle,known_policy_formal_audit,661d42ec74993200750f040bb4d12f4403fbc9c2c4b78aed5a9e6cc2b0c6be95,a4767791438c1adb942255be106723c429fb0f141ca2f32c51e4464e8518afa6,discard,V,407343411b3a77a0f13495f766cb8383b066f6b870d9cf3dbab3d5faa5ed24a8,2
primary,cell-14-world-0002-opaque-start-then-discard,original_primary,[],opaque_codes,5,start_then_discard,0,valid,V:lifecycle:cell-14-world-0002-opaque-start-then-discard:5,policy_lifecycle,known_policy_formal_audit,661d42ec74993200750f040bb4d12f4403fbc9c2c4b78aed5a9e6cc2b0c6be95,a4767791438c1adb942255be106723c429fb0f141ca2f32c51e4464e8518afa6,discard,V,407343411b3a77a0f13495f766cb8383b066f6b870d9cf3dbab3d5faa5ed24a8,2
primary,cell-15-world-0002-opaque-measure-then-threshold,original_primary,[],opaque_codes,0,measure_then_threshold,0,valid,V:lifecycle:cell-15-world-0002-opaque-measure-then-threshold:0,policy_lifecycle,known_policy_formal_audit,661d42ec74993200750f040bb4d12f4403fbc9c2c4b78aed5a9e6cc2b0c6be95,b290007f8b1a23d59853b977fb21af709c2fdcfc386684347ef94b7a2666f421,final_assay,V,3affa71cfda02fe602a15a0762c115a4f9bd30c22fa16c91e75baf89efd72d65,2
primary,cell-15-world-0002-opaque-measure-then-threshold,original_primary,[],opaque_codes,1,measure_then_threshold,0,valid,V:lifecycle:cell-15-world-0002-opaque-measure-then-threshold:1,policy_lifecycle,known_policy_formal_audit,661d42ec74993200750f040bb4d12f4403fbc9c2c4b78aed5a9e6cc2b0c6be95,b290007f8b1a23d59853b977fb21af709c2fdcfc386684347ef94b7a2666f421,discard,V,3affa71cfda02fe602a15a0762c115a4f9bd30c22fa16c91e75baf89efd72d65,2
primary,cell-15-world-0002-opaque-measure-then-threshold,original_primary,[],opaque_codes,2,measure_then_threshold,0,valid,V:lifecycle:cell-15-world-0002-opaque-measure-then-threshold:2,policy_lifecycle,known_policy_formal_audit,661d42ec74993200750f040bb4d12f4403fbc9c2c4b78aed5a9e6cc2b0c6be95,b290007f8b1a23d59853b977fb21af709c2fdcfc386684347ef94b7a2666f421,discard,V,3affa71cfda02fe602a15a0762c115a4f9bd30c22fa16c91e75baf89efd72d65,2
primary,cell-15-world-0002-opaque-measure-then-threshold,original_primary,[],opaque_codes,3,measure_then_threshold,0,valid,V:lifecycle:cell-15-world-0002-opaque-measure-then-threshold:3,policy_lifecycle,known_policy_formal_audit,661d42ec74993200750f040bb4d12f4403fbc9c2c4b78aed5a9e6cc2b0c6be95,b290007f8b1a23d59853b977fb21af709c2fdcfc386684347ef94b7a2666f421,discard,V,3affa71cfda02fe602a15a0762c115a4f9bd30c22fa16c91e75baf89efd72d65,2
primary,cell-15-world-0002-opaque-measure-then-threshold,original_primary,[],opaque_codes,4,measure_then_threshold,0,valid,V:lifecycle:cell-15-world-0002-opaque-measure-then-threshold:4,policy_lifecycle,known_policy_formal_audit,661d42ec74993200750f040bb4d12f4403fbc9c2c4b78aed5a9e6cc2b0c6be95,b290007f8b1a23d59853b977fb21af709c2fdcfc386684347ef94b7a2666f421,discard,V,3affa71cfda02fe602a15a0762c115a4f9bd30c22fa16c91e75baf89efd72d65,2
primary,cell-15-world-0002-opaque-measure-then-threshold,original_primary,[],opaque_codes,5,measure_then_threshold,0,valid,V:lifecycle:cell-15-world-0002-opaque-measure-then-threshold:5,policy_lifecycle,known_policy_formal_audit,661d42ec74993200750f040bb4d12f4403fbc9c2c4b78aed5a9e6cc2b0c6be95,b290007f8b1a23d59853b977fb21af709c2fdcfc386684347ef94b7a2666f421,final_assay,V,3affa71cfda02fe602a15a0762c115a4f9bd30c22fa16c91e75baf89efd72d65,2
primary,cell-16-world-0002-anonymous-nominal-assay-all,original_primary,[],anonymous_nominal_properties,0,assay_all,0,valid,V:lifecycle:cell-16-world-0002-anonymous-nominal-assay-all:0,policy_lifecycle,known_policy_formal_audit,661d42ec74993200750f040bb4d12f4403fbc9c2c4b78aed5a9e6cc2b0c6be95,ed03bddf2b0a05a7b00e810afa5791df43822d8fce0b2067de0a7cba14c3b9fa,final_assay,V,daf5e17098f461049f89e9a660ed2516ccf2e93dcb8f8747b27aa03e43fa837a,2
primary,cell-16-world-0002-anonymous-nominal-assay-all,original_primary,[],anonymous_nominal_properties,1,assay_all,0,valid,V:lifecycle:cell-16-world-0002-anonymous-nominal-assay-all:1,policy_lifecycle,known_policy_formal_audit,661d42ec74993200750f040bb4d12f4403fbc9c2c4b78aed5a9e6cc2b0c6be95,ed03bddf2b0a05a7b00e810afa5791df43822d8fce0b2067de0a7cba14c3b9fa,final_assay,V,daf5e17098f461049f89e9a660ed2516ccf2e93dcb8f8747b27aa03e43fa837a,2
primary,cell-16-world-0002-anonymous-nominal-assay-all,original_primary,[],anonymous_nominal_properties,2,assay_all,0,valid,V:lifecycle:cell-16-world-0002-anonymous-nominal-assay-all:2,policy_lifecycle,known_policy_formal_audit,661d42ec74993200750f040bb4d12f4403fbc9c2c4b78aed5a9e6cc2b0c6be95,ed03bddf2b0a05a7b00e810afa5791df43822d8fce0b2067de0a7cba14c3b9fa,final_assay,V,daf5e17098f461049f89e9a660ed2516ccf2e93dcb8f8747b27aa03e43fa837a,2
primary,cell-16-world-0002-anonymous-nominal-assay-all,original_primary,[],anonymous_nominal_properties,3,assay_all,0,valid,V:lifecycle:cell-16-world-0002-anonymous-nominal-assay-all:3,policy_lifecycle,known_policy_formal_audit,661d42ec74993200750f040bb4d12f4403fbc9c2c4b78aed5a9e6cc2b0c6be95,ed03bddf2b0a05a7b00e810afa5791df43822d8fce0b2067de0a7cba14c3b9fa,final_assay,V,daf5e17098f461049f89e9a660ed2516ccf2e93dcb8f8747b27aa03e43fa837a,2
primary,cell-16-world-0002-anonymous-nominal-assay-all,original_primary,[],anonymous_nominal_properties,4,assay_all,0,valid,V:lifecycle:cell-16-world-0002-anonymous-nominal-assay-all:4,policy_lifecycle,known_policy_formal_audit,661d42ec74993200750f040bb4d12f4403fbc9c2c4b78aed5a9e6cc2b0c6be95,ed03bddf2b0a05a7b00e810afa5791df43822d8fce0b2067de0a7cba14c3b9fa,final_assay,V,daf5e17098f461049f89e9a660ed2516ccf2e93dcb8f8747b27aa03e43fa837a,2
primary,cell-16-world-0002-anonymous-nominal-assay-all,original_primary,[],anonymous_nominal_properties,5,assay_all,0,valid,V:lifecycle:cell-16-world-0002-anonymous-nominal-assay-all:5,policy_lifecycle,known_policy_formal_audit,661d42ec74993200750f040bb4d12f4403fbc9c2c4b78aed5a9e6cc2b0c6be95,ed03bddf2b0a05a7b00e810afa5791df43822d8fce0b2067de0a7cba14c3b9fa,final_assay,V,daf5e17098f461049f89e9a660ed2516ccf2e93dcb8f8747b27aa03e43fa837a,2
primary,cell-17-world-0002-anonymous-nominal-start-then-discard,original_primary,[],anonymous_nominal_properties,0,start_then_discard,0,valid,V:lifecycle:cell-17-world-0002-anonymous-nominal-start-then-discard:0,policy_lifecycle,known_policy_formal_audit,661d42ec74993200750f040bb4d12f4403fbc9c2c4b78aed5a9e6cc2b0c6be95,55d23ca967985f26d2e440308329dc9b11b5861fd69aafbfc1a2d35fd902f484,discard,V,407343411b3a77a0f13495f766cb8383b066f6b870d9cf3dbab3d5faa5ed24a8,2
primary,cell-17-world-0002-anonymous-nominal-start-then-discard,original_primary,[],anonymous_nominal_properties,1,start_then_discard,0,valid,V:lifecycle:cell-17-world-0002-anonymous-nominal-start-then-discard:1,policy_lifecycle,known_policy_formal_audit,661d42ec74993200750f040bb4d12f4403fbc9c2c4b78aed5a9e6cc2b0c6be95,55d23ca967985f26d2e440308329dc9b11b5861fd69aafbfc1a2d35fd902f484,discard,V,407343411b3a77a0f13495f766cb8383b066f6b870d9cf3dbab3d5faa5ed24a8,2
primary,cell-17-world-0002-anonymous-nominal-start-then-discard,original_primary,[],anonymous_nominal_properties,2,start_then_discard,0,valid,V:lifecycle:cell-17-world-0002-anonymous-nominal-start-then-discard:2,policy_lifecycle,known_policy_formal_audit,661d42ec74993200750f040bb4d12f4403fbc9c2c4b78aed5a9e6cc2b0c6be95,55d23ca967985f26d2e440308329dc9b11b5861fd69aafbfc1a2d35fd902f484,discard,V,407343411b3a77a0f13495f766cb8383b066f6b870d9cf3dbab3d5faa5ed24a8,2
primary,cell-17-world-0002-anonymous-nominal-start-then-discard,original_primary,[],anonymous_nominal_properties,3,start_then_discard,0,valid,V:lifecycle:cell-17-world-0002-anonymous-nominal-start-then-discard:3,policy_lifecycle,known_policy_formal_audit,661d42ec74993200750f040bb4d12f4403fbc9c2c4b78aed5a9e6cc2b0c6be95,55d23ca967985f26d2e440308329dc9b11b5861fd69aafbfc1a2d35fd902f484,discard,V,407343411b3a77a0f13495f766cb8383b066f6b870d9cf3dbab3d5faa5ed24a8,2
primary,cell-17-world-0002-anonymous-nominal-start-then-discard,original_primary,[],anonymous_nominal_properties,4,start_then_discard,0,valid,V:lifecycle:cell-17-world-0002-anonymous-nominal-start-then-discard:4,policy_lifecycle,known_policy_formal_audit,661d42ec74993200750f040bb4d12f4403fbc9c2c4b78aed5a9e6cc2b0c6be95,55d23ca967985f26d2e440308329dc9b11b5861fd69aafbfc1a2d35fd902f484,discard,V,407343411b3a77a0f13495f766cb8383b066f6b870d9cf3dbab3d5faa5ed24a8,2
primary,cell-17-world-0002-anonymous-nominal-start-then-discard,original_primary,[],anonymous_nominal_properties,5,start_then_discard,0,valid,V:lifecycle:cell-17-world-0002-anonymous-nominal-start-then-discard:5,policy_lifecycle,known_policy_formal_audit,661d42ec74993200750f040bb4d12f4403fbc9c2c4b78aed5a9e6cc2b0c6be95,55d23ca967985f26d2e440308329dc9b11b5861fd69aafbfc1a2d35fd902f484,discard,V,407343411b3a77a0f13495f766cb8383b066f6b870d9cf3dbab3d5faa5ed24a8,2
primary,cell-18-world-0002-anonymous-nominal-measure-then-threshold,original_primary,[],anonymous_nominal_properties,0,measure_then_threshold,0,valid,V:lifecycle:cell-18-world-0002-anonymous-nominal-measure-then-threshold:0,policy_lifecycle,known_policy_formal_audit,661d42ec74993200750f040bb4d12f4403fbc9c2c4b78aed5a9e6cc2b0c6be95,9353bb95dd9f4005d235567e2668b31ef54b0ba1ba0a7a75cf322c52a5ac6bb2,final_assay,V,3affa71cfda02fe602a15a0762c115a4f9bd30c22fa16c91e75baf89efd72d65,2
primary,cell-18-world-0002-anonymous-nominal-measure-then-threshold,original_primary,[],anonymous_nominal_properties,1,measure_then_threshold,0,valid,V:lifecycle:cell-18-world-0002-anonymous-nominal-measure-then-threshold:1,policy_lifecycle,known_policy_formal_audit,661d42ec74993200750f040bb4d12f4403fbc9c2c4b78aed5a9e6cc2b0c6be95,9353bb95dd9f4005d235567e2668b31ef54b0ba1ba0a7a75cf322c52a5ac6bb2,discard,V,3affa71cfda02fe602a15a0762c115a4f9bd30c22fa16c91e75baf89efd72d65,2
primary,cell-18-world-0002-anonymous-nominal-measure-then-threshold,original_primary,[],anonymous_nominal_properties,2,measure_then_threshold,0,valid,V:lifecycle:cell-18-world-0002-anonymous-nominal-measure-then-threshold:2,policy_lifecycle,known_policy_formal_audit,661d42ec74993200750f040bb4d12f4403fbc9c2c4b78aed5a9e6cc2b0c6be95,9353bb95dd9f4005d235567e2668b31ef54b0ba1ba0a7a75cf322c52a5ac6bb2,discard,V,3affa71cfda02fe602a15a0762c115a4f9bd30c22fa16c91e75baf89efd72d65,2
primary,cell-18-world-0002-anonymous-nominal-measure-then-threshold,original_primary,[],anonymous_nominal_properties,3,measure_then_threshold,0,valid,V:lifecycle:cell-18-world-0002-anonymous-nominal-measure-then-threshold:3,policy_lifecycle,known_policy_formal_audit,661d42ec74993200750f040bb4d12f4403fbc9c2c4b78aed5a9e6cc2b0c6be95,9353bb95dd9f4005d235567e2668b31ef54b0ba1ba0a7a75cf322c52a5ac6bb2,discard,V,3affa71cfda02fe602a15a0762c115a4f9bd30c22fa16c91e75baf89efd72d65,2
primary,cell-18-world-0002-anonymous-nominal-measure-then-threshold,original_primary,[],anonymous_nominal_properties,4,measure_then_threshold,0,valid,V:lifecycle:cell-18-world-0002-anonymous-nominal-measure-then-threshold:4,policy_lifecycle,known_policy_formal_audit,661d42ec74993200750f040bb4d12f4403fbc9c2c4b78aed5a9e6cc2b0c6be95,9353bb95dd9f4005d235567e2668b31ef54b0ba1ba0a7a75cf322c52a5ac6bb2,discard,V,3affa71cfda02fe602a15a0762c115a4f9bd30c22fa16c91e75baf89efd72d65,2
primary,cell-18-world-0002-anonymous-nominal-measure-then-threshold,original_primary,[],anonymous_nominal_properties,5,measure_then_threshold,0,valid,V:lifecycle:cell-18-world-0002-anonymous-nominal-measure-then-threshold:5,policy_lifecycle,known_policy_formal_audit,661d42ec74993200750f040bb4d12f4403fbc9c2c4b78aed5a9e6cc2b0c6be95,9353bb95dd9f4005d235567e2668b31ef54b0ba1ba0a7a75cf322c52a5ac6bb2,final_assay,V,3affa71cfda02fe602a15a0762c115a4f9bd30c22fa16c91e75baf89efd72d65,2
primary,cell-19-world-0003-opaque-assay-all,original_primary,[],opaque_codes,0,assay_all,0,valid,V:lifecycle:cell-19-world-0003-opaque-assay-all:0,policy_lifecycle,known_policy_formal_audit,661d42ec74993200750f040bb4d12f4403fbc9c2c4b78aed5a9e6cc2b0c6be95,431c052a71fd08b89c5668052b4c0d593da63a896471f7c2fce785bbd306cb74,final_assay,V,059b745e9b950fe596e7528a9f7faeb4594a190245ffcb5304a86455ca6c4c8d,3
primary,cell-19-world-0003-opaque-assay-all,original_primary,[],opaque_codes,1,assay_all,0,valid,V:lifecycle:cell-19-world-0003-opaque-assay-all:1,policy_lifecycle,known_policy_formal_audit,661d42ec74993200750f040bb4d12f4403fbc9c2c4b78aed5a9e6cc2b0c6be95,431c052a71fd08b89c5668052b4c0d593da63a896471f7c2fce785bbd306cb74,final_assay,V,059b745e9b950fe596e7528a9f7faeb4594a190245ffcb5304a86455ca6c4c8d,3
primary,cell-19-world-0003-opaque-assay-all,original_primary,[],opaque_codes,2,assay_all,0,valid,V:lifecycle:cell-19-world-0003-opaque-assay-all:2,policy_lifecycle,known_policy_formal_audit,661d42ec74993200750f040bb4d12f4403fbc9c2c4b78aed5a9e6cc2b0c6be95,431c052a71fd08b89c5668052b4c0d593da63a896471f7c2fce785bbd306cb74,final_assay,V,059b745e9b950fe596e7528a9f7faeb4594a190245ffcb5304a86455ca6c4c8d,3
primary,cell-19-world-0003-opaque-assay-all,original_primary,[],opaque_codes,3,assay_all,0,valid,V:lifecycle:cell-19-world-0003-opaque-assay-all:3,policy_lifecycle,known_policy_formal_audit,661d42ec74993200750f040bb4d12f4403fbc9c2c4b78aed5a9e6cc2b0c6be95,431c052a71fd08b89c5668052b4c0d593da63a896471f7c2fce785bbd306cb74,final_assay,V,059b745e9b950fe596e7528a9f7faeb4594a190245ffcb5304a86455ca6c4c8d,3
primary,cell-19-world-0003-opaque-assay-all,original_primary,[],opaque_codes,4,assay_all,0,valid,V:lifecycle:cell-19-world-0003-opaque-assay-all:4,policy_lifecycle,known_policy_formal_audit,661d42ec74993200750f040bb4d12f4403fbc9c2c4b78aed5a9e6cc2b0c6be95,431c052a71fd08b89c5668052b4c0d593da63a896471f7c2fce785bbd306cb74,final_assay,V,059b745e9b950fe596e7528a9f7faeb4594a190245ffcb5304a86455ca6c4c8d,3
primary,cell-19-world-0003-opaque-assay-all,original_primary,[],opaque_codes,5,assay_all,0,valid,V:lifecycle:cell-19-world-0003-opaque-assay-all:5,policy_lifecycle,known_policy_formal_audit,661d42ec74993200750f040bb4d12f4403fbc9c2c4b78aed5a9e6cc2b0c6be95,431c052a71fd08b89c5668052b4c0d593da63a896471f7c2fce785bbd306cb74,final_assay,V,059b745e9b950fe596e7528a9f7faeb4594a190245ffcb5304a86455ca6c4c8d,3
primary,cell-20-world-0003-opaque-start-then-discard,original_primary,[],opaque_codes,0,start_then_discard,0,valid,V:lifecycle:cell-20-world-0003-opaque-start-then-discard:0,policy_lifecycle,known_policy_formal_audit,661d42ec74993200750f040bb4d12f4403fbc9c2c4b78aed5a9e6cc2b0c6be95,e4220527a8140c2d3d8e18ecd68cf048031c0daf4a7eb947ac633964274abcbe,discard,V,25b66b68dc9b0ad53c806627a65fccd970688f71b3a816540b7b01a8fd771eed,3
primary,cell-20-world-0003-opaque-start-then-discard,original_primary,[],opaque_codes,1,start_then_discard,0,valid,V:lifecycle:cell-20-world-0003-opaque-start-then-discard:1,policy_lifecycle,known_policy_formal_audit,661d42ec74993200750f040bb4d12f4403fbc9c2c4b78aed5a9e6cc2b0c6be95,e4220527a8140c2d3d8e18ecd68cf048031c0daf4a7eb947ac633964274abcbe,discard,V,25b66b68dc9b0ad53c806627a65fccd970688f71b3a816540b7b01a8fd771eed,3
primary,cell-20-world-0003-opaque-start-then-discard,original_primary,[],opaque_codes,2,start_then_discard,0,valid,V:lifecycle:cell-20-world-0003-opaque-start-then-discard:2,policy_lifecycle,known_policy_formal_audit,661d42ec74993200750f040bb4d12f4403fbc9c2c4b78aed5a9e6cc2b0c6be95,e4220527a8140c2d3d8e18ecd68cf048031c0daf4a7eb947ac633964274abcbe,discard,V,25b66b68dc9b0ad53c806627a65fccd970688f71b3a816540b7b01a8fd771eed,3
primary,cell-20-world-0003-opaque-start-then-discard,original_primary,[],opaque_codes,3,start_then_discard,0,valid,V:lifecycle:cell-20-world-0003-opaque-start-then-discard:3,policy_lifecycle,known_policy_formal_audit,661d42ec74993200750f040bb4d12f4403fbc9c2c4b78aed5a9e6cc2b0c6be95,e4220527a8140c2d3d8e18ecd68cf048031c0daf4a7eb947ac633964274abcbe,discard,V,25b66b68dc9b0ad53c806627a65fccd970688f71b3a816540b7b01a8fd771eed,3
primary,cell-20-world-0003-opaque-start-then-discard,original_primary,[],opaque_codes,4,start_then_discard,0,valid,V:lifecycle:cell-20-world-0003-opaque-start-then-discard:4,policy_lifecycle,known_policy_formal_audit,661d42ec74993200750f040bb4d12f4403fbc9c2c4b78aed5a9e6cc2b0c6be95,e4220527a8140c2d3d8e18ecd68cf048031c0daf4a7eb947ac633964274abcbe,discard,V,25b66b68dc9b0ad53c806627a65fccd970688f71b3a816540b7b01a8fd771eed,3
primary,cell-20-world-0003-opaque-start-then-discard,original_primary,[],opaque_codes,5,start_then_discard,0,valid,V:lifecycle:cell-20-world-0003-opaque-start-then-discard:5,policy_lifecycle,known_policy_formal_audit,661d42ec74993200750f040bb4d12f4403fbc9c2c4b78aed5a9e6cc2b0c6be95,e4220527a8140c2d3d8e18ecd68cf048031c0daf4a7eb947ac633964274abcbe,discard,V,25b66b68dc9b0ad53c806627a65fccd970688f71b3a816540b7b01a8fd771eed,3
primary,cell-21-world-0003-opaque-measure-then-threshold,original_primary,[],opaque_codes,0,measure_then_threshold,0,valid,V:lifecycle:cell-21-world-0003-opaque-measure-then-threshold:0,policy_lifecycle,known_policy_formal_audit,661d42ec74993200750f040bb4d12f4403fbc9c2c4b78aed5a9e6cc2b0c6be95,d2c5054a32e02f64f7c83e797e4f8f91870c078f2a7b4550f27dc410008276c8,discard,V,151d2515f37eb2f4596f697c3b1aa5c14c93c64f8df7b35b8520daee76de8585,3
primary,cell-21-world-0003-opaque-measure-then-threshold,original_primary,[],opaque_codes,1,measure_then_threshold,0,valid,V:lifecycle:cell-21-world-0003-opaque-measure-then-threshold:1,policy_lifecycle,known_policy_formal_audit,661d42ec74993200750f040bb4d12f4403fbc9c2c4b78aed5a9e6cc2b0c6be95,d2c5054a32e02f64f7c83e797e4f8f91870c078f2a7b4550f27dc410008276c8,discard,V,151d2515f37eb2f4596f697c3b1aa5c14c93c64f8df7b35b8520daee76de8585,3
primary,cell-21-world-0003-opaque-measure-then-threshold,original_primary,[],opaque_codes,2,measure_then_threshold,0,valid,V:lifecycle:cell-21-world-0003-opaque-measure-then-threshold:2,policy_lifecycle,known_policy_formal_audit,661d42ec74993200750f040bb4d12f4403fbc9c2c4b78aed5a9e6cc2b0c6be95,d2c5054a32e02f64f7c83e797e4f8f91870c078f2a7b4550f27dc410008276c8,discard,V,151d2515f37eb2f4596f697c3b1aa5c14c93c64f8df7b35b8520daee76de8585,3
primary,cell-21-world-0003-opaque-measure-then-threshold,original_primary,[],opaque_codes,3,measure_then_threshold,0,valid,V:lifecycle:cell-21-world-0003-opaque-measure-then-threshold:3,policy_lifecycle,known_policy_formal_audit,661d42ec74993200750f040bb4d12f4403fbc9c2c4b78aed5a9e6cc2b0c6be95,d2c5054a32e02f64f7c83e797e4f8f91870c078f2a7b4550f27dc410008276c8,discard,V,151d2515f37eb2f4596f697c3b1aa5c14c93c64f8df7b35b8520daee76de8585,3
primary,cell-21-world-0003-opaque-measure-then-threshold,original_primary,[],opaque_codes,4,measure_then_threshold,0,valid,V:lifecycle:cell-21-world-0003-opaque-measure-then-threshold:4,policy_lifecycle,known_policy_formal_audit,661d42ec74993200750f040bb4d12f4403fbc9c2c4b78aed5a9e6cc2b0c6be95,d2c5054a32e02f64f7c83e797e4f8f91870c078f2a7b4550f27dc410008276c8,final_assay,V,151d2515f37eb2f4596f697c3b1aa5c14c93c64f8df7b35b8520daee76de8585,3
primary,cell-21-world-0003-opaque-measure-then-threshold,original_primary,[],opaque_codes,5,measure_then_threshold,0,valid,V:lifecycle:cell-21-world-0003-opaque-measure-then-threshold:5,policy_lifecycle,known_policy_formal_audit,661d42ec74993200750f040bb4d12f4403fbc9c2c4b78aed5a9e6cc2b0c6be95,d2c5054a32e02f64f7c83e797e4f8f91870c078f2a7b4550f27dc410008276c8,final_assay,V,151d2515f37eb2f4596f697c3b1aa5c14c93c64f8df7b35b8520daee76de8585,3
primary,cell-22-world-0003-anonymous-nominal-assay-all,original_primary,[],anonymous_nominal_properties,0,assay_all,0,valid,V:lifecycle:cell-22-world-0003-anonymous-nominal-assay-all:0,policy_lifecycle,known_policy_formal_audit,661d42ec74993200750f040bb4d12f4403fbc9c2c4b78aed5a9e6cc2b0c6be95,c75329369d276fd657ee09ddd44547ea99c29e9d4e2fed28967fe0558d21134b,final_assay,V,059b745e9b950fe596e7528a9f7faeb4594a190245ffcb5304a86455ca6c4c8d,3
primary,cell-22-world-0003-anonymous-nominal-assay-all,original_primary,[],anonymous_nominal_properties,1,assay_all,0,valid,V:lifecycle:cell-22-world-0003-anonymous-nominal-assay-all:1,policy_lifecycle,known_policy_formal_audit,661d42ec74993200750f040bb4d12f4403fbc9c2c4b78aed5a9e6cc2b0c6be95,c75329369d276fd657ee09ddd44547ea99c29e9d4e2fed28967fe0558d21134b,final_assay,V,059b745e9b950fe596e7528a9f7faeb4594a190245ffcb5304a86455ca6c4c8d,3
primary,cell-22-world-0003-anonymous-nominal-assay-all,original_primary,[],anonymous_nominal_properties,2,assay_all,0,valid,V:lifecycle:cell-22-world-0003-anonymous-nominal-assay-all:2,policy_lifecycle,known_policy_formal_audit,661d42ec74993200750f040bb4d12f4403fbc9c2c4b78aed5a9e6cc2b0c6be95,c75329369d276fd657ee09ddd44547ea99c29e9d4e2fed28967fe0558d21134b,final_assay,V,059b745e9b950fe596e7528a9f7faeb4594a190245ffcb5304a86455ca6c4c8d,3
primary,cell-22-world-0003-anonymous-nominal-assay-all,original_primary,[],anonymous_nominal_properties,3,assay_all,0,valid,V:lifecycle:cell-22-world-0003-anonymous-nominal-assay-all:3,policy_lifecycle,known_policy_formal_audit,661d42ec74993200750f040bb4d12f4403fbc9c2c4b78aed5a9e6cc2b0c6be95,c75329369d276fd657ee09ddd44547ea99c29e9d4e2fed28967fe0558d21134b,final_assay,V,059b745e9b950fe596e7528a9f7faeb4594a190245ffcb5304a86455ca6c4c8d,3
primary,cell-22-world-0003-anonymous-nominal-assay-all,original_primary,[],anonymous_nominal_properties,4,assay_all,0,valid,V:lifecycle:cell-22-world-0003-anonymous-nominal-assay-all:4,policy_lifecycle,known_policy_formal_audit,661d42ec74993200750f040bb4d12f4403fbc9c2c4b78aed5a9e6cc2b0c6be95,c75329369d276fd657ee09ddd44547ea99c29e9d4e2fed28967fe0558d21134b,final_assay,V,059b745e9b950fe596e7528a9f7faeb4594a190245ffcb5304a86455ca6c4c8d,3
primary,cell-22-world-0003-anonymous-nominal-assay-all,original_primary,[],anonymous_nominal_properties,5,assay_all,0,valid,V:lifecycle:cell-22-world-0003-anonymous-nominal-assay-all:5,policy_lifecycle,known_policy_formal_audit,661d42ec74993200750f040bb4d12f4403fbc9c2c4b78aed5a9e6cc2b0c6be95,c75329369d276fd657ee09ddd44547ea99c29e9d4e2fed28967fe0558d21134b,final_assay,V,059b745e9b950fe596e7528a9f7faeb4594a190245ffcb5304a86455ca6c4c8d,3
primary,cell-23-world-0003-anonymous-nominal-start-then-discard,original_primary,[],anonymous_nominal_properties,0,start_then_discard,0,valid,V:lifecycle:cell-23-world-0003-anonymous-nominal-start-then-discard:0,policy_lifecycle,known_policy_formal_audit,661d42ec74993200750f040bb4d12f4403fbc9c2c4b78aed5a9e6cc2b0c6be95,6e8fc5314b49aea9942bf56e8232b2197c78d72064b48af1c2b654e1111ae729,discard,V,25b66b68dc9b0ad53c806627a65fccd970688f71b3a816540b7b01a8fd771eed,3
primary,cell-23-world-0003-anonymous-nominal-start-then-discard,original_primary,[],anonymous_nominal_properties,1,start_then_discard,0,valid,V:lifecycle:cell-23-world-0003-anonymous-nominal-start-then-discard:1,policy_lifecycle,known_policy_formal_audit,661d42ec74993200750f040bb4d12f4403fbc9c2c4b78aed5a9e6cc2b0c6be95,6e8fc5314b49aea9942bf56e8232b2197c78d72064b48af1c2b654e1111ae729,discard,V,25b66b68dc9b0ad53c806627a65fccd970688f71b3a816540b7b01a8fd771eed,3
primary,cell-23-world-0003-anonymous-nominal-start-then-discard,original_primary,[],anonymous_nominal_properties,2,start_then_discard,0,valid,V:lifecycle:cell-23-world-0003-anonymous-nominal-start-then-discard:2,policy_lifecycle,known_policy_formal_audit,661d42ec74993200750f040bb4d12f4403fbc9c2c4b78aed5a9e6cc2b0c6be95,6e8fc5314b49aea9942bf56e8232b2197c78d72064b48af1c2b654e1111ae729,discard,V,25b66b68dc9b0ad53c806627a65fccd970688f71b3a816540b7b01a8fd771eed,3
primary,cell-23-world-0003-anonymous-nominal-start-then-discard,original_primary,[],anonymous_nominal_properties,3,start_then_discard,0,valid,V:lifecycle:cell-23-world-0003-anonymous-nominal-start-then-discard:3,policy_lifecycle,known_policy_formal_audit,661d42ec74993200750f040bb4d12f4403fbc9c2c4b78aed5a9e6cc2b0c6be95,6e8fc5314b49aea9942bf56e8232b2197c78d72064b48af1c2b654e1111ae729,discard,V,25b66b68dc9b0ad53c806627a65fccd970688f71b3a816540b7b01a8fd771eed,3
primary,cell-23-world-0003-anonymous-nominal-start-then-discard,original_primary,[],anonymous_nominal_properties,4,start_then_discard,0,valid,V:lifecycle:cell-23-world-0003-anonymous-nominal-start-then-discard:4,policy_lifecycle,known_policy_formal_audit,661d42ec74993200750f040bb4d12f4403fbc9c2c4b78aed5a9e6cc2b0c6be95,6e8fc5314b49aea9942bf56e8232b2197c78d72064b48af1c2b654e1111ae729,discard,V,25b66b68dc9b0ad53c806627a65fccd970688f71b3a816540b7b01a8fd771eed,3
primary,cell-23-world-0003-anonymous-nominal-start-then-discard,original_primary,[],anonymous_nominal_properties,5,start_then_discard,0,valid,V:lifecycle:cell-23-world-0003-anonymous-nominal-start-then-discard:5,policy_lifecycle,known_policy_formal_audit,661d42ec74993200750f040bb4d12f4403fbc9c2c4b78aed5a9e6cc2b0c6be95,6e8fc5314b49aea9942bf56e8232b2197c78d72064b48af1c2b654e1111ae729,discard,V,25b66b68dc9b0ad53c806627a65fccd970688f71b3a816540b7b01a8fd771eed,3
primary,cell-24-world-0003-anonymous-nominal-measure-then-threshold,original_primary,[],anonymous_nominal_properties,0,measure_then_threshold,0,valid,V:lifecycle:cell-24-world-0003-anonymous-nominal-measure-then-threshold:0,policy_lifecycle,known_policy_formal_audit,661d42ec74993200750f040bb4d12f4403fbc9c2c4b78aed5a9e6cc2b0c6be95,7a144e21ba1c5d4facc659a4d98598c363092f8f642a9b94cc3824ddf979b52e,discard,V,151d2515f37eb2f4596f697c3b1aa5c14c93c64f8df7b35b8520daee76de8585,3
primary,cell-24-world-0003-anonymous-nominal-measure-then-threshold,original_primary,[],anonymous_nominal_properties,1,measure_then_threshold,0,valid,V:lifecycle:cell-24-world-0003-anonymous-nominal-measure-then-threshold:1,policy_lifecycle,known_policy_formal_audit,661d42ec74993200750f040bb4d12f4403fbc9c2c4b78aed5a9e6cc2b0c6be95,7a144e21ba1c5d4facc659a4d98598c363092f8f642a9b94cc3824ddf979b52e,discard,V,151d2515f37eb2f4596f697c3b1aa5c14c93c64f8df7b35b8520daee76de8585,3
primary,cell-24-world-0003-anonymous-nominal-measure-then-threshold,original_primary,[],anonymous_nominal_properties,2,measure_then_threshold,0,valid,V:lifecycle:cell-24-world-0003-anonymous-nominal-measure-then-threshold:2,policy_lifecycle,known_policy_formal_audit,661d42ec74993200750f040bb4d12f4403fbc9c2c4b78aed5a9e6cc2b0c6be95,7a144e21ba1c5d4facc659a4d98598c363092f8f642a9b94cc3824ddf979b52e,discard,V,151d2515f37eb2f4596f697c3b1aa5c14c93c64f8df7b35b8520daee76de8585,3
primary,cell-24-world-0003-anonymous-nominal-measure-then-threshold,original_primary,[],anonymous_nominal_properties,3,measure_then_threshold,0,valid,V:lifecycle:cell-24-world-0003-anonymous-nominal-measure-then-threshold:3,policy_lifecycle,known_policy_formal_audit,661d42ec74993200750f040bb4d12f4403fbc9c2c4b78aed5a9e6cc2b0c6be95,7a144e21ba1c5d4facc659a4d98598c363092f8f642a9b94cc3824ddf979b52e,discard,V,151d2515f37eb2f4596f697c3b1aa5c14c93c64f8df7b35b8520daee76de8585,3
primary,cell-24-world-0003-anonymous-nominal-measure-then-threshold,original_primary,[],anonymous_nominal_properties,4,measure_then_threshold,0,valid,V:lifecycle:cell-24-world-0003-anonymous-nominal-measure-then-threshold:4,policy_lifecycle,known_policy_formal_audit,661d42ec74993200750f040bb4d12f4403fbc9c2c4b78aed5a9e6cc2b0c6be95,7a144e21ba1c5d4facc659a4d98598c363092f8f642a9b94cc3824ddf979b52e,final_assay,V,151d2515f37eb2f4596f697c3b1aa5c14c93c64f8df7b35b8520daee76de8585,3
primary,cell-24-world-0003-anonymous-nominal-measure-then-threshold,original_primary,[],anonymous_nominal_properties,5,measure_then_threshold,0,valid,V:lifecycle:cell-24-world-0003-anonymous-nominal-measure-then-threshold:5,policy_lifecycle,known_policy_formal_audit,661d42ec74993200750f040bb4d12f4403fbc9c2c4b78aed5a9e6cc2b0c6be95,7a144e21ba1c5d4facc659a4d98598c363092f8f642a9b94cc3824ddf979b52e,final_assay,V,151d2515f37eb2f4596f697c3b1aa5c14c93c64f8df7b35b8520daee76de8585,3
primary,cell-25-world-0004-opaque-assay-all,original_primary,[],opaque_codes,0,assay_all,0,valid,V:lifecycle:cell-25-world-0004-opaque-assay-all:0,policy_lifecycle,known_policy_formal_audit,661d42ec74993200750f040bb4d12f4403fbc9c2c4b78aed5a9e6cc2b0c6be95,28d705c67d65358d4b9a190b35c34f8314160d966cfe161c0fb46730bf7161f1,final_assay,V,0f824216552fdd287e2b701a2cfd9ab0fa165611afd2ffcf10135380cd882dd7,4
primary,cell-25-world-0004-opaque-assay-all,original_primary,[],opaque_codes,1,assay_all,0,valid,V:lifecycle:cell-25-world-0004-opaque-assay-all:1,policy_lifecycle,known_policy_formal_audit,661d42ec74993200750f040bb4d12f4403fbc9c2c4b78aed5a9e6cc2b0c6be95,28d705c67d65358d4b9a190b35c34f8314160d966cfe161c0fb46730bf7161f1,final_assay,V,0f824216552fdd287e2b701a2cfd9ab0fa165611afd2ffcf10135380cd882dd7,4
primary,cell-25-world-0004-opaque-assay-all,original_primary,[],opaque_codes,2,assay_all,0,valid,V:lifecycle:cell-25-world-0004-opaque-assay-all:2,policy_lifecycle,known_policy_formal_audit,661d42ec74993200750f040bb4d12f4403fbc9c2c4b78aed5a9e6cc2b0c6be95,28d705c67d65358d4b9a190b35c34f8314160d966cfe161c0fb46730bf7161f1,final_assay,V,0f824216552fdd287e2b701a2cfd9ab0fa165611afd2ffcf10135380cd882dd7,4
primary,cell-25-world-0004-opaque-assay-all,original_primary,[],opaque_codes,3,assay_all,0,valid,V:lifecycle:cell-25-world-0004-opaque-assay-all:3,policy_lifecycle,known_policy_formal_audit,661d42ec74993200750f040bb4d12f4403fbc9c2c4b78aed5a9e6cc2b0c6be95,28d705c67d65358d4b9a190b35c34f8314160d966cfe161c0fb46730bf7161f1,final_assay,V,0f824216552fdd287e2b701a2cfd9ab0fa165611afd2ffcf10135380cd882dd7,4
primary,cell-25-world-0004-opaque-assay-all,original_primary,[],opaque_codes,4,assay_all,0,valid,V:lifecycle:cell-25-world-0004-opaque-assay-all:4,policy_lifecycle,known_policy_formal_audit,661d42ec74993200750f040bb4d12f4403fbc9c2c4b78aed5a9e6cc2b0c6be95,28d705c67d65358d4b9a190b35c34f8314160d966cfe161c0fb46730bf7161f1,final_assay,V,0f824216552fdd287e2b701a2cfd9ab0fa165611afd2ffcf10135380cd882dd7,4
primary,cell-25-world-0004-opaque-assay-all,original_primary,[],opaque_codes,5,assay_all,0,valid,V:lifecycle:cell-25-world-0004-opaque-assay-all:5,policy_lifecycle,known_policy_formal_audit,661d42ec74993200750f040bb4d12f4403fbc9c2c4b78aed5a9e6cc2b0c6be95,28d705c67d65358d4b9a190b35c34f8314160d966cfe161c0fb46730bf7161f1,final_assay,V,0f824216552fdd287e2b701a2cfd9ab0fa165611afd2ffcf10135380cd882dd7,4
primary,cell-26-world-0004-opaque-start-then-discard,original_primary,[],opaque_codes,0,start_then_discard,0,valid,V:lifecycle:cell-26-world-0004-opaque-start-then-discard:0,policy_lifecycle,known_policy_formal_audit,661d42ec74993200750f040bb4d12f4403fbc9c2c4b78aed5a9e6cc2b0c6be95,530289a033a377bd78d7b139febbb524f145cfc60a9dd665b91c3a62ae282e4c,discard,V,991d8030e8ec8b0215954df6567925b566f369fa427afda9e46c9978053f05f2,4
primary,cell-26-world-0004-opaque-start-then-discard,original_primary,[],opaque_codes,1,start_then_discard,0,valid,V:lifecycle:cell-26-world-0004-opaque-start-then-discard:1,policy_lifecycle,known_policy_formal_audit,661d42ec74993200750f040bb4d12f4403fbc9c2c4b78aed5a9e6cc2b0c6be95,530289a033a377bd78d7b139febbb524f145cfc60a9dd665b91c3a62ae282e4c,discard,V,991d8030e8ec8b0215954df6567925b566f369fa427afda9e46c9978053f05f2,4
primary,cell-26-world-0004-opaque-start-then-discard,original_primary,[],opaque_codes,2,start_then_discard,0,valid,V:lifecycle:cell-26-world-0004-opaque-start-then-discard:2,policy_lifecycle,known_policy_formal_audit,661d42ec74993200750f040bb4d12f4403fbc9c2c4b78aed5a9e6cc2b0c6be95,530289a033a377bd78d7b139febbb524f145cfc60a9dd665b91c3a62ae282e4c,discard,V,991d8030e8ec8b0215954df6567925b566f369fa427afda9e46c9978053f05f2,4
primary,cell-26-world-0004-opaque-start-then-discard,original_primary,[],opaque_codes,3,start_then_discard,0,valid,V:lifecycle:cell-26-world-0004-opaque-start-then-discard:3,policy_lifecycle,known_policy_formal_audit,661d42ec74993200750f040bb4d12f4403fbc9c2c4b78aed5a9e6cc2b0c6be95,530289a033a377bd78d7b139febbb524f145cfc60a9dd665b91c3a62ae282e4c,discard,V,991d8030e8ec8b0215954df6567925b566f369fa427afda9e46c9978053f05f2,4
primary,cell-26-world-0004-opaque-start-then-discard,original_primary,[],opaque_codes,4,start_then_discard,0,valid,V:lifecycle:cell-26-world-0004-opaque-start-then-discard:4,policy_lifecycle,known_policy_formal_audit,661d42ec74993200750f040bb4d12f4403fbc9c2c4b78aed5a9e6cc2b0c6be95,530289a033a377bd78d7b139febbb524f145cfc60a9dd665b91c3a62ae282e4c,discard,V,991d8030e8ec8b0215954df6567925b566f369fa427afda9e46c9978053f05f2,4
primary,cell-26-world-0004-opaque-start-then-discard,original_primary,[],opaque_codes,5,start_then_discard,0,valid,V:lifecycle:cell-26-world-0004-opaque-start-then-discard:5,policy_lifecycle,known_policy_formal_audit,661d42ec74993200750f040bb4d12f4403fbc9c2c4b78aed5a9e6cc2b0c6be95,530289a033a377bd78d7b139febbb524f145cfc60a9dd665b91c3a62ae282e4c,discard,V,991d8030e8ec8b0215954df6567925b566f369fa427afda9e46c9978053f05f2,4
primary,cell-27-world-0004-opaque-measure-then-threshold,original_primary,[],opaque_codes,0,measure_then_threshold,0,valid,V:lifecycle:cell-27-world-0004-opaque-measure-then-threshold:0,policy_lifecycle,known_policy_formal_audit,661d42ec74993200750f040bb4d12f4403fbc9c2c4b78aed5a9e6cc2b0c6be95,98871b7eeca50a538bd55601b4ba2ffa0c591fec52a8689c0da03c1ff2ff11d5,final_assay,V,fb3041e8030541b55fec580168a0db61e83cb5689403a3f8aed187ccbe16f98b,4
primary,cell-27-world-0004-opaque-measure-then-threshold,original_primary,[],opaque_codes,1,measure_then_threshold,0,valid,V:lifecycle:cell-27-world-0004-opaque-measure-then-threshold:1,policy_lifecycle,known_policy_formal_audit,661d42ec74993200750f040bb4d12f4403fbc9c2c4b78aed5a9e6cc2b0c6be95,98871b7eeca50a538bd55601b4ba2ffa0c591fec52a8689c0da03c1ff2ff11d5,final_assay,V,fb3041e8030541b55fec580168a0db61e83cb5689403a3f8aed187ccbe16f98b,4
primary,cell-27-world-0004-opaque-measure-then-threshold,original_primary,[],opaque_codes,2,measure_then_threshold,0,valid,V:lifecycle:cell-27-world-0004-opaque-measure-then-threshold:2,policy_lifecycle,known_policy_formal_audit,661d42ec74993200750f040bb4d12f4403fbc9c2c4b78aed5a9e6cc2b0c6be95,98871b7eeca50a538bd55601b4ba2ffa0c591fec52a8689c0da03c1ff2ff11d5,discard,V,fb3041e8030541b55fec580168a0db61e83cb5689403a3f8aed187ccbe16f98b,4
primary,cell-27-world-0004-opaque-measure-then-threshold,original_primary,[],opaque_codes,3,measure_then_threshold,0,valid,V:lifecycle:cell-27-world-0004-opaque-measure-then-threshold:3,policy_lifecycle,known_policy_formal_audit,661d42ec74993200750f040bb4d12f4403fbc9c2c4b78aed5a9e6cc2b0c6be95,98871b7eeca50a538bd55601b4ba2ffa0c591fec52a8689c0da03c1ff2ff11d5,final_assay,V,fb3041e8030541b55fec580168a0db61e83cb5689403a3f8aed187ccbe16f98b,4
primary,cell-27-world-0004-opaque-measure-then-threshold,original_primary,[],opaque_codes,4,measure_then_threshold,0,valid,V:lifecycle:cell-27-world-0004-opaque-measure-then-threshold:4,policy_lifecycle,known_policy_formal_audit,661d42ec74993200750f040bb4d12f4403fbc9c2c4b78aed5a9e6cc2b0c6be95,98871b7eeca50a538bd55601b4ba2ffa0c591fec52a8689c0da03c1ff2ff11d5,discard,V,fb3041e8030541b55fec580168a0db61e83cb5689403a3f8aed187ccbe16f98b,4
primary,cell-27-world-0004-opaque-measure-then-threshold,original_primary,[],opaque_codes,5,measure_then_threshold,0,valid,V:lifecycle:cell-27-world-0004-opaque-measure-then-threshold:5,policy_lifecycle,known_policy_formal_audit,661d42ec74993200750f040bb4d12f4403fbc9c2c4b78aed5a9e6cc2b0c6be95,98871b7eeca50a538bd55601b4ba2ffa0c591fec52a8689c0da03c1ff2ff11d5,final_assay,V,fb3041e8030541b55fec580168a0db61e83cb5689403a3f8aed187ccbe16f98b,4
primary,cell-28-world-0004-anonymous-nominal-assay-all,original_primary,[],anonymous_nominal_properties,0,assay_all,0,valid,V:lifecycle:cell-28-world-0004-anonymous-nominal-assay-all:0,policy_lifecycle,known_policy_formal_audit,661d42ec74993200750f040bb4d12f4403fbc9c2c4b78aed5a9e6cc2b0c6be95,6fba4bd2b216016df1ca9db18981cb69078c266e53b94ede1b0e65c0944f277a,final_assay,V,0f824216552fdd287e2b701a2cfd9ab0fa165611afd2ffcf10135380cd882dd7,4
primary,cell-28-world-0004-anonymous-nominal-assay-all,original_primary,[],anonymous_nominal_properties,1,assay_all,0,valid,V:lifecycle:cell-28-world-0004-anonymous-nominal-assay-all:1,policy_lifecycle,known_policy_formal_audit,661d42ec74993200750f040bb4d12f4403fbc9c2c4b78aed5a9e6cc2b0c6be95,6fba4bd2b216016df1ca9db18981cb69078c266e53b94ede1b0e65c0944f277a,final_assay,V,0f824216552fdd287e2b701a2cfd9ab0fa165611afd2ffcf10135380cd882dd7,4
primary,cell-28-world-0004-anonymous-nominal-assay-all,original_primary,[],anonymous_nominal_properties,2,assay_all,0,valid,V:lifecycle:cell-28-world-0004-anonymous-nominal-assay-all:2,policy_lifecycle,known_policy_formal_audit,661d42ec74993200750f040bb4d12f4403fbc9c2c4b78aed5a9e6cc2b0c6be95,6fba4bd2b216016df1ca9db18981cb69078c266e53b94ede1b0e65c0944f277a,final_assay,V,0f824216552fdd287e2b701a2cfd9ab0fa165611afd2ffcf10135380cd882dd7,4
primary,cell-28-world-0004-anonymous-nominal-assay-all,original_primary,[],anonymous_nominal_properties,3,assay_all,0,valid,V:lifecycle:cell-28-world-0004-anonymous-nominal-assay-all:3,policy_lifecycle,known_policy_formal_audit,661d42ec74993200750f040bb4d12f4403fbc9c2c4b78aed5a9e6cc2b0c6be95,6fba4bd2b216016df1ca9db18981cb69078c266e53b94ede1b0e65c0944f277a,final_assay,V,0f824216552fdd287e2b701a2cfd9ab0fa165611afd2ffcf10135380cd882dd7,4
primary,cell-28-world-0004-anonymous-nominal-assay-all,original_primary,[],anonymous_nominal_properties,4,assay_all,0,valid,V:lifecycle:cell-28-world-0004-anonymous-nominal-assay-all:4,policy_lifecycle,known_policy_formal_audit,661d42ec74993200750f040bb4d12f4403fbc9c2c4b78aed5a9e6cc2b0c6be95,6fba4bd2b216016df1ca9db18981cb69078c266e53b94ede1b0e65c0944f277a,final_assay,V,0f824216552fdd287e2b701a2cfd9ab0fa165611afd2ffcf10135380cd882dd7,4
primary,cell-28-world-0004-anonymous-nominal-assay-all,original_primary,[],anonymous_nominal_properties,5,assay_all,0,valid,V:lifecycle:cell-28-world-0004-anonymous-nominal-assay-all:5,policy_lifecycle,known_policy_formal_audit,661d42ec74993200750f040bb4d12f4403fbc9c2c4b78aed5a9e6cc2b0c6be95,6fba4bd2b216016df1ca9db18981cb69078c266e53b94ede1b0e65c0944f277a,final_assay,V,0f824216552fdd287e2b701a2cfd9ab0fa165611afd2ffcf10135380cd882dd7,4
primary,cell-29-world-0004-anonymous-nominal-start-then-discard,original_primary,[],anonymous_nominal_properties,0,start_then_discard,0,valid,V:lifecycle:cell-29-world-0004-anonymous-nominal-start-then-discard:0,policy_lifecycle,known_policy_formal_audit,661d42ec74993200750f040bb4d12f4403fbc9c2c4b78aed5a9e6cc2b0c6be95,1b4cb33dd3526c99bd29ebc928290dd9f503d5609015358348d6276d8451c410,discard,V,991d8030e8ec8b0215954df6567925b566f369fa427afda9e46c9978053f05f2,4
primary,cell-29-world-0004-anonymous-nominal-start-then-discard,original_primary,[],anonymous_nominal_properties,1,start_then_discard,0,valid,V:lifecycle:cell-29-world-0004-anonymous-nominal-start-then-discard:1,policy_lifecycle,known_policy_formal_audit,661d42ec74993200750f040bb4d12f4403fbc9c2c4b78aed5a9e6cc2b0c6be95,1b4cb33dd3526c99bd29ebc928290dd9f503d5609015358348d6276d8451c410,discard,V,991d8030e8ec8b0215954df6567925b566f369fa427afda9e46c9978053f05f2,4
primary,cell-29-world-0004-anonymous-nominal-start-then-discard,original_primary,[],anonymous_nominal_properties,2,start_then_discard,0,valid,V:lifecycle:cell-29-world-0004-anonymous-nominal-start-then-discard:2,policy_lifecycle,known_policy_formal_audit,661d42ec74993200750f040bb4d12f4403fbc9c2c4b78aed5a9e6cc2b0c6be95,1b4cb33dd3526c99bd29ebc928290dd9f503d5609015358348d6276d8451c410,discard,V,991d8030e8ec8b0215954df6567925b566f369fa427afda9e46c9978053f05f2,4
primary,cell-29-world-0004-anonymous-nominal-start-then-discard,original_primary,[],anonymous_nominal_properties,3,start_then_discard,0,valid,V:lifecycle:cell-29-world-0004-anonymous-nominal-start-then-discard:3,policy_lifecycle,known_policy_formal_audit,661d42ec74993200750f040bb4d12f4403fbc9c2c4b78aed5a9e6cc2b0c6be95,1b4cb33dd3526c99bd29ebc928290dd9f503d5609015358348d6276d8451c410,discard,V,991d8030e8ec8b0215954df6567925b566f369fa427afda9e46c9978053f05f2,4
primary,cell-29-world-0004-anonymous-nominal-start-then-discard,original_primary,[],anonymous_nominal_properties,4,start_then_discard,0,valid,V:lifecycle:cell-29-world-0004-anonymous-nominal-start-then-discard:4,policy_lifecycle,known_policy_formal_audit,661d42ec74993200750f040bb4d12f4403fbc9c2c4b78aed5a9e6cc2b0c6be95,1b4cb33dd3526c99bd29ebc928290dd9f503d5609015358348d6276d8451c410,discard,V,991d8030e8ec8b0215954df6567925b566f369fa427afda9e46c9978053f05f2,4
primary,cell-29-world-0004-anonymous-nominal-start-then-discard,original_primary,[],anonymous_nominal_properties,5,start_then_discard,0,valid,V:lifecycle:cell-29-world-0004-anonymous-nominal-start-then-discard:5,policy_lifecycle,known_policy_formal_audit,661d42ec74993200750f040bb4d12f4403fbc9c2c4b78aed5a9e6cc2b0c6be95,1b4cb33dd3526c99bd29ebc928290dd9f503d5609015358348d6276d8451c410,discard,V,991d8030e8ec8b0215954df6567925b566f369fa427afda9e46c9978053f05f2,4
primary,cell-30-world-0004-anonymous-nominal-measure-then-threshold,original_primary,[],anonymous_nominal_properties,0,measure_then_threshold,0,valid,V:lifecycle:cell-30-world-0004-anonymous-nominal-measure-then-threshold:0,policy_lifecycle,known_policy_formal_audit,661d42ec74993200750f040bb4d12f4403fbc9c2c4b78aed5a9e6cc2b0c6be95,3ee626bfb604775b88e5d8fe6a4dc95dcd36aa65b3d1c953541eaaa18158d1f5,final_assay,V,fb3041e8030541b55fec580168a0db61e83cb5689403a3f8aed187ccbe16f98b,4
primary,cell-30-world-0004-anonymous-nominal-measure-then-threshold,original_primary,[],anonymous_nominal_properties,1,measure_then_threshold,0,valid,V:lifecycle:cell-30-world-0004-anonymous-nominal-measure-then-threshold:1,policy_lifecycle,known_policy_formal_audit,661d42ec74993200750f040bb4d12f4403fbc9c2c4b78aed5a9e6cc2b0c6be95,3ee626bfb604775b88e5d8fe6a4dc95dcd36aa65b3d1c953541eaaa18158d1f5,final_assay,V,fb3041e8030541b55fec580168a0db61e83cb5689403a3f8aed187ccbe16f98b,4
primary,cell-30-world-0004-anonymous-nominal-measure-then-threshold,original_primary,[],anonymous_nominal_properties,2,measure_then_threshold,0,valid,V:lifecycle:cell-30-world-0004-anonymous-nominal-measure-then-threshold:2,policy_lifecycle,known_policy_formal_audit,661d42ec74993200750f040bb4d12f4403fbc9c2c4b78aed5a9e6cc2b0c6be95,3ee626bfb604775b88e5d8fe6a4dc95dcd36aa65b3d1c953541eaaa18158d1f5,discard,V,fb3041e8030541b55fec580168a0db61e83cb5689403a3f8aed187ccbe16f98b,4
primary,cell-30-world-0004-anonymous-nominal-measure-then-threshold,original_primary,[],anonymous_nominal_properties,3,measure_then_threshold,0,valid,V:lifecycle:cell-30-world-0004-anonymous-nominal-measure-then-threshold:3,policy_lifecycle,known_policy_formal_audit,661d42ec74993200750f040bb4d12f4403fbc9c2c4b78aed5a9e6cc2b0c6be95,3ee626bfb604775b88e5d8fe6a4dc95dcd36aa65b3d1c953541eaaa18158d1f5,final_assay,V,fb3041e8030541b55fec580168a0db61e83cb5689403a3f8aed187ccbe16f98b,4
primary,cell-30-world-0004-anonymous-nominal-measure-then-threshold,original_primary,[],anonymous_nominal_properties,4,measure_then_threshold,0,valid,V:lifecycle:cell-30-world-0004-anonymous-nominal-measure-then-threshold:4,policy_lifecycle,known_policy_formal_audit,661d42ec74993200750f040bb4d12f4403fbc9c2c4b78aed5a9e6cc2b0c6be95,3ee626bfb604775b88e5d8fe6a4dc95dcd36aa65b3d1c953541eaaa18158d1f5,discard,V,fb3041e8030541b55fec580168a0db61e83cb5689403a3f8aed187ccbe16f98b,4
primary,cell-30-world-0004-anonymous-nominal-measure-then-threshold,original_primary,[],anonymous_nominal_properties,5,measure_then_threshold,0,valid,V:lifecycle:cell-30-world-0004-anonymous-nominal-measure-then-threshold:5,policy_lifecycle,known_policy_formal_audit,661d42ec74993200750f040bb4d12f4403fbc9c2c4b78aed5a9e6cc2b0c6be95,3ee626bfb604775b88e5d8fe6a4dc95dcd36aa65b3d1c953541eaaa18158d1f5,final_assay,V,fb3041e8030541b55fec580168a0db61e83cb5689403a3f8aed187ccbe16f98b,4
